№ п.п.;Мероприятие;№ 091-10-2026-008 ОТ 28.01.2026;Номер закупки;Номер заказа внутри закупки или период оказания услуг;"Предмет договора 
(отображется общий предмет договора, к примеру покупается карандаши и ручки- это канцелярские товары)";Наименование товара;Контрагент;Плановое количество;Ед. изм. (ОКЕИ);Плановая цена;Плановая стоимость за объём;Подтверждение, ЧТО ПОСТАВКА СОГЛАСОВАНА , её надо будет покупать. И она перенесится  в Подтверждённые желания;"Итоговая цена  за единицу товара 
(указывается цена, сколько стоит одна услуга или 1 ед.товара)";Итоговая цена за объём;Сумма к оплате по конкретной поставке .;Сумма  к оплате по договору. Если поставлено (здесь суммируюстя все сумму внутри одного договора). Правильно делает, если договор разовый, если рамка , ставитья в ручную;ИНН;"Номер договора
Автомат.";"Дата Договора
Автомат.";"Номер Документа платежного 
Автомат.";"Назначение платежа
Автомат.";"Дата платежа
Автомат.";Сумма желаемых покупок, но не подтверждённых: 670 000;Подтверждённые желания по которым будут работы и исполненные(Не может быть больше ФЭО)( ДО проведения закупки указана плановая сумма, после указывается Фактическая): 15 412 269,80;Сумма договоров   (считается криво , потому что неправильно считает рамочные накопительные и разовые. Напротив каждого позиции стоит сумма всей закупки: 11 702 991,32;Неправильно считается, вычитает только сумму этой закупки.!!!!!Остаток средств на договоре (вычитается из планируемой суммы догововора и  только из тех договоров которые заключены) Вычитается из всей суммы договора, суммы к оплате по всем отдельным заказам. Но так как сумма договоров может превышать план график, до момента последнего розыгрыша, то всё может пойти лесом. ДОЛЖНО БЫТЬ ПРАВИЛО О ТОМ ЧТО ТАМ ВСЁ ЗАПАЛАЧЕНО;"Кажется можно удалять дублируется с Y. Заключенные договора 
(это не сумма потраченного!!!):0,00";Текущий план-график ( запланировано + услуги/товары оказаные или поставленые) ДОЛЖЕН РАВНЯТЬСЯ ОБЪЕМУ СУБСИДИИ ВСЕГДА  В ИДЕАЛЕ, НО ПОКА НЕ ТАК..  Не может превышать объём субсидии, так как делается запланированных трат и тех трат которые уже прошли и мы должны за них денег) Тут только деньги субсидии предполагаются.;Товары или Услуги;Направление расходов по категориям в соответсвии с ФЭО;Тип расходов в соответсвии с ФЭО Конкретизированный;Направление расходов из приложений к ФЭО;Тип расходов конкретизированный (сам придумываю общий тип для cебя, чтобы был понятен);Регион;Предполагаемый способ закупки;Страна производства;Квартал принятия обязательств;Экономия по результатам конкурентных закупок;Срок действия договора;Ссылка на закупку;;Отправлено в ЦЕМАК  для проверки;Выставлено;Закупка проведена;Договор заключен (устно или письменно);Товар заказан;Товар поставлен;Оплачено;Планируется заказать в деньгах;Заказано в деньгах;Поставлено в деньгах;Ежемесячные платежи;Реальные будущие траты, от части можно пробовать отаказаться;Выдуманные  будущие траты, двигать как угодно;Оплачено в деньгах;Услуги;Товары;"Дата совершения оплаты
Автомат.";Номер и дата платёжного поручения;Планируемый месяц платежа;Месяц платежа;Номер субсидии;Номер приложения;Номер УПД;Количество из ФЭО;Стоимость ед. из ФЭО;Сумма из ФЭО;Казначейский код;Реквизиты договора;Номер и дата платёжных документов;Детализированный код расходов/Код направления расходования;Услуги;Услуги
1;Техническое оснащение деятельности штаба;Рамочный накопительный;1;1;Услуги связи;Услуги связи;"ПАО ""РОСТЕЛЕКОМ""";1;усл.;11870.6;11870.6;True;10330.59;10330.59;10330.59;82985.14;7707049388;ДОГОВОР 850000713106;24.11.2023;43;"(711К0232001;0200003) СОГЛАШЕНИЕ 091-10-2026-008 ОТ 28.01.2026 ДОГОВОР 850000713106 ОТ 24.11.2023, АКТ 842601/50/0055705 ОТ 31.01.2026 УСЛУГИ ТЕЛЕФОННОЙ СВЯЗИ (ОПЛАТА ПО Л/С № 850000713106) НДС1862.89";2026-02-24;Закупка внесена в подтверждённые желания и убрана из этого столбца;10330.59;10330.59;Договор разовый или накопительный поэтому 0;;10330.59;Услуги;1. Техническое оснащение деятельности штаба;1. Техническое оснащение деятельности штаба;Услуги телефонии;Услуги связи;федеральное мероприятие;Неконкурентная закупка;Россия;1;1540.01;;;;Нет;Нет;Да;Да;Да;Да;Да;уже заказали;10330.59;10330.59;ЭТО НЕ ЕЖЕМЕСЯЧНЫЙ ПЛАТЁЖ;Уже заказано;ЭТО РЕАЛЬНЫЕ РАСХОДЫ;10330.59;Услуги;0;Не обнаружено;43 от 24.02.2026;2026-02-24;2;№ 091-10-2025-032 от 24.02.2025;#N/A;Нет данных;;;;200003;ДОГОВОР 850000713106 от 24.11.2023;АКТ 842601/50/0055705 ОТ 31.01.2026;Платёж не проходил;Услуги;
2;Техническое оснащение деятельности штаба;Рамочный накопительный;1;2;Услуги связи;Услуги связи;"ПАО ""РОСТЕЛЕКОМ""";1;усл.;1111.07;1111.07;True;1111.07;1111.07;1111.07;82985.14;7707049388;ДОГОВОР 850000713106;24.11.2023;61;"(711К0232001;0200003) СОГЛАШЕНИЕ 091-10-2026-008 ОТ 28.01.2026 ДОГОВОР 850000713106 ОТ 24.11.2023, АКТ 842601/50/0088155 ОТ 28.02.2026 УСЛУГИ ТЕЛЕФОННОЙ СВЯЗИ (ОПЛАТА ПО Л/С № 850000713106) НДС200.50";2026-03-05;Закупка внесена в подтверждённые желания и убрана из этого столбца;1111.07;1111.07;Договор разовый или накопительный поэтому 0;;1111.07;Услуги;1. Техническое оснащение деятельности штаба;1. Техническое оснащение деятельности штаба;Услуги телефонии;Услуги связи;;Неконкурентная закупка;Россия;1;;;;;Нет;Нет;Да;Да;Да;Да;Да;уже заказали;1111.07;1111.07;ЭТО НЕ ЕЖЕМЕСЯЧНЫЙ ПЛАТЁЖ;Уже заказано;ЭТО РЕАЛЬНЫЕ РАСХОДЫ;1111.07;Услуги;0;;61 от 05.03.2026;2026-03-05;3;;;;;;;200003;ДОГОВОР 850000713106 от 24.11.2023;АКТ 842601/50/0088155 ОТ 28.02.2026;;Услуги;
3;Техническое оснащение деятельности штаба;Рамочный накопительный;1;3;Услуги связи;Услуги связи;ЦЫГАНОВ ИГОРЬ АЛЕКСАНДРОВИЧ;1;усл.;11870.6;11870.6;True;12030.54;12030.54;12030.54;82985.14;772905105906;АВАНСОВЫЙ ОТЧЕТ 24;20.05.2026;287;"(711К0232001;0300022) СОГЛАШЕНИЕ 091-10-2026-008 ОТ 28.01.2026 АВАНСОВЫЙ ОТЧЕТ 24 ОТ 20.05.2026 ПРОЧИЕ МАТЕРИАЛЬНЫЕ ЗАПАСЫ (ЗАКУПКА ПЛАКЕТКА, МЕТАЛЛ ДЕРЖАТЕЛЬ ДЛЯ МЕРОПРИЯТИЯ) ЧАСТ ОПЛАТА НДС0.00";2026-05-28;Закупка внесена в подтверждённые желания и убрана из этого столбца;12030.54;12030.54;Договор разовый или накопительный поэтому 0;;12030.54;Услуги;1. Техническое оснащение деятельности штаба;1. Техническое оснащение деятельности штаба;Услуги телефонии;Услуги связи;;Неконкурентная закупка;Россия;1;;;;;Нет;Нет;Да;Да;Да;Да;Да;уже заказали;12030.54;12030.54;ЭТО НЕ ЕЖЕМЕСЯЧНЫЙ ПЛАТЁЖ;Уже заказано;ЭТО РЕАЛЬНЫЕ РАСХОДЫ;12030.54;Услуги;0;;287 от 28.05.2026;2026-04-13;4;;;;;;;Платёж не проходил;АВАНСОВЫЙ ОТЧЕТ 24 от 20.05.2026;АВАНСОВЫЙ ОТЧЕТ 24 ОТ 20.05.2026;;Заполни;
4;Техническое оснащение деятельности штаба;Рамочный накопительный;1;4;Услуги связи;Услуги связи;"ПАО ""РОСТЕЛЕКОМ""";1;усл.;11870.6;11870.6;True;12030.54;12030.54;12030.54;82985.14;7707049388;ДОГОВОР 850000713106;24.11.2023;144;"(711К0232001;0200003) СОГЛАШЕНИЕ 091-10-2026-008 ОТ 28.01.2026 ДОГОВОР 850000713106 ОТ 24.11.2023, АКТ 842601/50/0149180 ОТ 31.03.2026 УСЛУГИ ТЕЛЕФОННОЙ СВЯЗИ (ОПЛАТА ПО Л/С № 850000713106) НДС2169.44";2026-04-13;Закупка внесена в подтверждённые желания и убрана из этого столбца;12030.54;12030.54;Договор разовый или накопительный поэтому 0;;12030.54;Услуги;1. Техническое оснащение деятельности штаба;1. Техническое оснащение деятельности штаба;Услуги телефонии;Услуги связи;;Неконкурентная закупка;Россия;1;;;;;Нет;Нет;Да;Да;Да;Да;Да;уже заказали;12030.54;12030.54;ЭТО НЕ ЕЖЕМЕСЯЧНЫЙ ПЛАТЁЖ;Уже заказано;ЭТО РЕАЛЬНЫЕ РАСХОДЫ;12030.54;Услуги;0;;144 от 13.04.2026;2026-04-13;4;;;;;;;200003;ДОГОВОР 850000713106 от 24.11.2023;АКТ 842601/50/0149180 ОТ 31.03.2026;;Услуги;
5;Комплекс мероприятий, направленных на гражданско-патриотическое воспитание детей и молодежи;Разовый;81;2;Специализированная форменная одежда;Костюм повседневный (комплект брюки и куртка);"ООО ""ТОРГОВЫЙ ДОМ ТЕКСТИЛЬ М""";200;шт.;6200;72840;True;6200;72840;72840;1240000;5031069379;ДОГОВОР 26-03;2026-03-26;297;"(711К0232001;0300021) СОГЛАШЕНИЕ 091-10-2026-008 ОТ 28.01.2026 ДОГОВОР 26-03 ОТ 26.03.2026, УПД 48 ОТ 16.04.2026 СПЕЦИАЛЬНАЯ ОДЕЖДА НА СКЛАДЕ (КОСТЮМ ПОВСЕДН: БРЮКИ, КУРТКА)ЧАСТ. ОПЛАТА НДС3468.57";2026-05-29;Закупка внесена в подтверждённые желания и убрана из этого столбца;72840;72840;Договор разовый или накопительный поэтому 0;;72840;Товары;2. Организация мероприятий;3. Закупка комплекта форменной одежды для проведения торжественных мероприятий, направленных на гражданско-патриотическое воспитание молодого поколения, проведение занятий с различными категориями граждан, участие в ликвидации чрезвычайных ситуаций и их последствий, гуманитарных миссий и прочих;Комплект летней формы;;;Конкурентная закупка;Россия;;;;;;Нет;Нет;Да;Да;Да;Да;Да;уже заказали;72840;72840;ЭТО НЕ ЕЖЕМЕСЯЧНЫЙ ПЛАТЁЖ;Уже заказано;ЭТО РЕАЛЬНЫЕ РАСХОДЫ;72840;0;Товары;;297 от 29.05.2026;2026-03-26;5;;;;;;;300021;ДОГОВОР 26-03 от 46107;УПД 48 ОТ 16.04.2026;;Услуги;
6;Техническое оснащение деятельности штаба;Рамочный с суммой;8;Установка предельной суммы договора;Организация предрейсовых осмотров автранспорта;Организация предрейсовых осмотров автранспорта;"ООО ""ПРЕДРЕЙСОВЫЙ""";1;;584032;584032;True;584032;584032;0;338903;7704351079;ДОГОВОР 2026-1-Ф;02.02.2026;Платёж не проходил;Не обнаружено;Платёж не проходил;Место установки предельной суммы по закупке № 8;;584032;245129;;584032;;1. Техническое оснащение деятельности штаба;1. Техническое оснащение деятельности штаба;Организация предрейсовых осмотров автранспорта;Организация предрейсовых осмотров автранспорта;Федеральное Мероприятие;Неконкурентная закупка;Россия;;;;;;Нет;Нет;Да;Да;;Нет;Нет;;ещё не заказали;ещё не поставили;ЭТО НЕ ЕЖЕМЕСЯЧНЫЙ ПЛАТЁЖ;ЭТО ВЫДУМАННЫЕ РАСХОДЫ ИЛИ ЕЖЕМЕСЯЧНЫЕ ПЛАТЕЖИ;ЭТО РЕАЛЬНЫЕ РАСХОДЫ;ещё не платили;0;0;;Платёж не проходил от Платёж не проходил;;12;;;;;;;Платёж не проходил;ДОГОВОР 2026-1-Ф от 02.02.2026;Нет данных;;Заполни;
7;Техническое оснащение деятельности штаба;Рамочный с суммой;8;1;Организация предрейсовых осмотров автранспорта;ПРОВЕДЕН. ПРЕДРЕЙСОВЫХ МЕД ОСМОТРОВ ВОДИТ. С 12 ПО 31.01;"ООО ""ПРЕДРЕЙСОВЫЙ""";1;;32903;32903;True;32903;32903;32903;338903;7704351079;ДОГОВОР 2026-1-Ф;02.02.2026;87;"(711К0232001;0200032) СОГЛАШЕНИЕ 091-10-2026-008 ОТ 28.01.2026 ДОГОВОР 2026-1-Ф ОТ 02.02.2026, УПД 1500 ОТ 31.01.2026 ДР ВЫПЛ СВЯЗ С ЗАКУП УСЛУГ(ПРОВЕДЕН. ПРЕДРЕЙСОВЫХ МЕД ОСМОТРОВ ВОДИТ. С 12 ПО 31.01) НДС0.00";2026-03-17;Закупка внесена в подтверждённые желания и убрана из этого столбца;32903;Сумма в рамках рамочного договора №8;245129;;Сумма в рамках рамочного договора №8;Услуги;1. Техническое оснащение деятельности штаба;1. Техническое оснащение деятельности штаба;Организация предрейсовых осмотров автранспорта;Организация предрейсовых осмотров автранспорта;Федеральное Мероприятие;Неконкурентная закупка;Россия;;;;;;Нет;Нет;Да;Да;Да;Да;Да;уже заказали;32903;32903;ЭТО НЕ ЕЖЕМЕСЯЧНЫЙ ПЛАТЁЖ;Уже заказано;ЭТО РЕАЛЬНЫЕ РАСХОДЫ;32903;Услуги;0;;87 от 17.03.2026;2026-03-17;3;;;;;;;200032;ДОГОВОР 2026-1-Ф от 02.02.2026;УПД 1500 ОТ 31.01.2026;;Услуги;
8;Техническое оснащение деятельности штаба;Рамочный с суммой;8;2;Организация предрейсовых осмотров автранспорта;ПРОВЕДЕНИЕ ПРЕДРЕЙСОВЫХ МЕД ОСМОТРОВ ВОДИТ. ЗА ФЕВРАЛЬ;"ООО ""ПРЕДРЕЙСОВЫЙ""";1;;51000;51000;True;51000;51000;51000;338903;7704351079;ДОГОВОР 2026-1-Ф;02.02.2026;88;"(711К0232001;0200032) СОГЛАШЕНИЕ 091-10-2026-008 ОТ 28.01.2026 ДОГОВОР 2026-1-Ф ОТ 02.02.2026, УПД 1501 ОТ 28.02.2026 ДР ВЫПЛ СВЯЗ С ЗАКУП УСЛУГ(ПРОВЕДЕНИЕ ПРЕДРЕЙСОВЫХ МЕД ОСМОТРОВ ВОДИТ. ЗА ФЕВРАЛЬ) НДС0.00";2026-03-17;Закупка внесена в подтверждённые желания и убрана из этого столбца;51000;Сумма в рамках рамочного договора №8;245129;;Сумма в рамках рамочного договора №8;Услуги;1. Техническое оснащение деятельности штаба;1. Техническое оснащение деятельности штаба;Организация предрейсовых осмотров автранспорта;Организация предрейсовых осмотров автранспорта;Федеральное Мероприятие;Неконкурентная закупка;Россия;;;;;;Нет;Нет;Да;Да;Да;Да;Да;уже заказали;51000;51000;ЭТО НЕ ЕЖЕМЕСЯЧНЫЙ ПЛАТЁЖ;Уже заказано;ЭТО РЕАЛЬНЫЕ РАСХОДЫ;51000;Услуги;0;;88 от 17.03.2026;2026-08-13;8;;;;;;;200032;ДОГОВОР 2026-1-Ф от 02.02.2026;УПД 1501 ОТ 28.02.2026;;Услуги;
9;Техническое оснащение деятельности штаба;Рамочный с суммой;8;3;Организация предрейсовых осмотров автранспорта;ПРОВЕДЕНИЕ ПРЕДРЕЙСОВЫХ МЕД ОСМОТРОВ ВОДИТ. ЗА МАРТ;"ООО ""ПРЕДРЕЙСОВЫЙ""";1;;51000;51000;True;51000;51000;51000;338903;7704351079;ДОГОВОР 2026-1-Ф;02.02.2026;142;"(711К0232001;0200032) СОГЛАШЕНИЕ 091-10-2026-008 ОТ 28.01.2026 ДОГОВОР 2026-1-Ф ОТ 02.02.2026, УПД 2115 ОТ 31.03.2026 ДР ВЫПЛ СВЯЗ С ЗАКУП УСЛУГ(ПРОВЕДЕНИЕ ПРЕДРЕЙСОВЫХ МЕД ОСМОТРОВ ВОДИТ. ЗА МАРТ) НДС0.00";2026-04-10;Закупка внесена в подтверждённые желания и убрана из этого столбца;51000;Сумма в рамках рамочного договора №8;245129;;Сумма в рамках рамочного договора №8;Услуги;1. Техническое оснащение деятельности штаба;1. Техническое оснащение деятельности штаба;Организация предрейсовых осмотров автранспорта;Организация предрейсовых осмотров автранспорта;Федеральное Мероприятие;Неконкурентная закупка;Россия;;;;;;Нет;Нет;Да;Да;Да;Да;Да;уже заказали;51000;51000;ЭТО НЕ ЕЖЕМЕСЯЧНЫЙ ПЛАТЁЖ;Уже заказано;ЭТО РЕАЛЬНЫЕ РАСХОДЫ;51000;Услуги;0;;142 от 10.04.2026;2026-08-13;8;;;;;;;200032;ДОГОВОР 2026-1-Ф от 02.02.2026;УПД 2115 ОТ 31.03.2026;;Услуги;
10;Техническое оснащение деятельности штаба;Рамочный с суммой;8;4;Организация предрейсовых осмотров автранспорта;Организация предрейсовых осмотров автранспорта;"ООО ""ПРЕДРЕЙСОВЫЙ""";1;;51000;51000;True;51000;51000;51000;338903;7704351079;ДОГОВОР 2026-1-Ф;02.02.2026;263;"(711К0232001;0200032) СОГЛАШЕНИЕ 091-10-2026-008 ОТ 28.01.2026 ДОГОВОР 2026-1-Ф ОТ 02.02.2026, УПД 2900 ОТ 30.04.2026 ДР ВЫПЛ СВЯЗ С ЗАКУП УСЛУГ(ПРОВЕДЕНИЕ ПРЕДРЕЙСОВЫХ МЕД ОСМОТРОВ ВОДИТ. ЗА АПРЕЛЬ) НДС0.00";2026-05-22;Закупка внесена в подтверждённые желания и убрана из этого столбца;51000;Сумма в рамках рамочного договора №8;245129;;Сумма в рамках рамочного договора №8;Услуги;1. Техническое оснащение деятельности штаба;1. Техническое оснащение деятельности штаба;Организация предрейсовых осмотров автранспорта;Организация предрейсовых осмотров автранспорта;Федеральное Мероприятие;Неконкурентная закупка;Россия;;;;;;Нет;Нет;Да;Да;Да;Да;Да;уже заказали;51000;51000;ЭТО НЕ ЕЖЕМЕСЯЧНЫЙ ПЛАТЁЖ;Уже заказано;ЭТО РЕАЛЬНЫЕ РАСХОДЫ;51000;Услуги;0;;263 от 22.05.2026;2026-08-13;8;;;;;;;200032;ДОГОВОР 2026-1-Ф от 02.02.2026;УПД 2900 ОТ 30.04.2026;;Услуги;
11;Техническое оснащение деятельности штаба;Рамочный с суммой;8;5;Организация предрейсовых осмотров автранспорта;Организация предрейсовых осмотров автранспорта;"ООО ""ПРЕДРЕЙСОВЫЙ""";1;;51000;51000;True;51000;51000;51000;338903;7704351079;ДОГОВОР 2026-1-Ф;02.02.2026;349;"(711К0232001;0200032) СОГЛАШЕНИЕ 091-10-2026-008 ОТ 28.01.2026 ДОГОВОР 2026-1-Ф ОТ 02.02.2026, УПД 3720 ОТ 31.05.2026 ДР ВЫПЛ СВЯЗ С ЗАКУП УСЛУГ(ПРОВЕДЕНИЕ ПРЕДРЕЙСОВЫХ МЕД ОСМОТРОВ ВОДИТ. ЗА МАЙ) НДС0.00";2026-06-29;Закупка внесена в подтверждённые желания и убрана из этого столбца;51000;Сумма в рамках рамочного договора №8;245129;;Сумма в рамках рамочного договора №8;Услуги;1. Техническое оснащение деятельности штаба;1. Техническое оснащение деятельности штаба;Организация предрейсовых осмотров автранспорта;Организация предрейсовых осмотров автранспорта;Федеральное Мероприятие;Неконкурентная закупка;Россия;;;;;;Нет;Нет;Да;Да;Да;Да;Да;уже заказали;51000;51000;ЭТО НЕ ЕЖЕМЕСЯЧНЫЙ ПЛАТЁЖ;Уже заказано;ЭТО РЕАЛЬНЫЕ РАСХОДЫ;51000;Услуги;0;;349 от 29.06.2026;2026-06-01;6;;;;;;;200032;ДОГОВОР 2026-1-Ф от 02.02.2026;УПД 3720 ОТ 31.05.2026;;Услуги;
12;Техническое оснащение деятельности штаба;Рамочный с суммой;8;6;Организация предрейсовых осмотров автранспорта;Организация предрейсовых осмотров автранспорта;"ООО ""ПРЕДРЕЙСОВЫЙ""";1;;51000;51000;True;51000;51000;51000;338903;7704351079;ДОГОВОР 2026-1-Ф;02.02.2026;421;"(711К0232001;0200032) СОГЛАШЕНИЕ 091-10-2026-008 ОТ 28.01.2026 ДОГОВОР 2026-1-Ф ОТ 02.02.2026, УПД 4600 ОТ 30.06.2026 ДР ВЫПЛ СВЯЗ С ЗАКУП УСЛУГ(ПРОВЕДЕНИЕ ПРЕДРЕЙСОВЫХ МЕД ОСМОТРОВ ВОДИТ. ЗА ИЮНЬ) НДС0.00";2026-07-22;Закупка внесена в подтверждённые желания и убрана из этого столбца;51000;Сумма в рамках рамочного договора №8;245129;;Сумма в рамках рамочного договора №8;Услуги;1. Техническое оснащение деятельности штаба;1. Техническое оснащение деятельности штаба;Организация предрейсовых осмотров автранспорта;Организация предрейсовых осмотров автранспорта;Федеральное Мероприятие;Неконкурентная закупка;Россия;;;;;;Нет;Нет;Да;Да;Да;Да;Да;уже заказали;51000;51000;ЭТО НЕ ЕЖЕМЕСЯЧНЫЙ ПЛАТЁЖ;Уже заказано;ЭТО РЕАЛЬНЫЕ РАСХОДЫ;51000;Услуги;0;;421 от 22.07.2026;2026-07-01;7;;;;;;;200032;ДОГОВОР 2026-1-Ф от 02.02.2026;УПД 4600 ОТ 30.06.2026;;Услуги;
13;Техническое оснащение деятельности штаба;Рамочный с суммой;8;7;Организация предрейсовых осмотров автранспорта;Организация предрейсовых осмотров автранспорта;"ООО ""ПРЕДРЕЙСОВЫЙ""";1;;51000;51000;True;51000;51000;51000;338903;7704351079;ДОГОВОР 2026-1-Ф;02.02.2026;464;"(711К0232001;0200032) СОГЛАШЕНИЕ 091-10-2026-008 ОТ 28.01.2026 ДОГОВОР 2026-1-Ф ОТ 02.02.2026, УПД 5451 ОТ 31.07.2026 ДР ВЫПЛ СВЯЗ С ЗАКУП УСЛУГ(ПРОВЕДЕНИЕ ПРЕДРЕЙСОВЫХ МЕД ОСМОТРОВ ВОДИТ. ЗА ИЮЛЬ) НДС0.00";2026-08-13;Закупка внесена в подтверждённые желания и убрана из этого столбца;51000;Сумма в рамках рамочного договора №8;245129;;Сумма в рамках рамочного договора №8;Услуги;1. Техническое оснащение деятельности штаба;1. Техническое оснащение деятельности штаба;Организация предрейсовых осмотров автранспорта;Организация предрейсовых осмотров автранспорта;Федеральное Мероприятие;Неконкурентная закупка;Россия;;;;;;Нет;Нет;Да;Да;Да;Да;Да;уже заказали;51000;51000;ЭТО НЕ ЕЖЕМЕСЯЧНЫЙ ПЛАТЁЖ;Уже заказано;ЭТО РЕАЛЬНЫЕ РАСХОДЫ;51000;Услуги;0;;464 от 13.08.2026;2026-08-01;8;;;;;;;200032;ДОГОВОР 2026-1-Ф от 02.02.2026;УПД 5451 ОТ 31.07.2026;;Услуги;
14;Техническое оснащение деятельности штаба;Рамочный с суммой;8;8;Организация предрейсовых осмотров автранспорта;Организация предрейсовых осмотров автранспорта;"ООО ""ПРЕДРЕЙСОВЫЙ""";1;;51000;51000;True;51000;51000;51000;338903;7704351079;ДОГОВОР 2026-1-Ф;02.02.2026;464;"(711К0232001;0200032) СОГЛАШЕНИЕ 091-10-2026-008 ОТ 28.01.2026 ДОГОВОР 2026-1-Ф ОТ 02.02.2026, УПД 5451 ОТ 31.07.2026 ДР ВЫПЛ СВЯЗ С ЗАКУП УСЛУГ(ПРОВЕДЕНИЕ ПРЕДРЕЙСОВЫХ МЕД ОСМОТРОВ ВОДИТ. ЗА ИЮЛЬ) НДС0.00";2026-08-13;Закупка внесена в подтверждённые желания и убрана из этого столбца;51000;Сумма в рамках рамочного договора №8;245129;;Сумма в рамках рамочного договора №8;Услуги;1. Техническое оснащение деятельности штаба;1. Техническое оснащение деятельности штаба;Организация предрейсовых осмотров автранспорта;Организация предрейсовых осмотров автранспорта;Федеральное Мероприятие;Неконкурентная закупка;Россия;;;;;;Нет;Нет;Да;Да;Еще не поставлено , но  будет.Ежемесячная услуга;Нет;Нет;51000;ещё не заказали;ещё не поставили;51000;ЭТО ВЫДУМАННЫЕ РАСХОДЫ ИЛИ ЕЖЕМЕСЯЧНЫЕ ПЛАТЕЖИ;ЭТО РЕАЛЬНЫЕ РАСХОДЫ;ещё не платили;Услуги;0;;464 от 13.08.2026;2026-09-01;9;;;;;;;200032;ДОГОВОР 2026-1-Ф от 02.02.2026;УПД 5451 ОТ 31.07.2026;;Услуги;
15;Техническое оснащение деятельности штаба;Рамочный с суммой;8;9;Организация предрейсовых осмотров автранспорта;Организация предрейсовых осмотров автранспорта;"ООО ""ПРЕДРЕЙСОВЫЙ""";1;;51000;51000;True;51000;51000;51000;338903;7704351079;ДОГОВОР 2026-1-Ф;02.02.2026;464;"(711К0232001;0200032) СОГЛАШЕНИЕ 091-10-2026-008 ОТ 28.01.2026 ДОГОВОР 2026-1-Ф ОТ 02.02.2026, УПД 5451 ОТ 31.07.2026 ДР ВЫПЛ СВЯЗ С ЗАКУП УСЛУГ(ПРОВЕДЕНИЕ ПРЕДРЕЙСОВЫХ МЕД ОСМОТРОВ ВОДИТ. ЗА ИЮЛЬ) НДС0.00";2026-08-13;Закупка внесена в подтверждённые желания и убрана из этого столбца;51000;Сумма в рамках рамочного договора №8;245129;;Сумма в рамках рамочного договора №8;Услуги;1. Техническое оснащение деятельности штаба;1. Техническое оснащение деятельности штаба;Организация предрейсовых осмотров автранспорта;Организация предрейсовых осмотров автранспорта;Федеральное Мероприятие;Неконкурентная закупка;Россия;;;;;;Нет;Нет;Да;Да;Еще не поставлено , но  будет.Ежемесячная услуга;Нет;Нет;51000;ещё не заказали;ещё не поставили;51000;ЭТО ВЫДУМАННЫЕ РАСХОДЫ ИЛИ ЕЖЕМЕСЯЧНЫЕ ПЛАТЕЖИ;ЭТО РЕАЛЬНЫЕ РАСХОДЫ;ещё не платили;Услуги;0;;464 от 13.08.2026;2026-10-01;10;;;;;;;200032;ДОГОВОР 2026-1-Ф от 02.02.2026;УПД 5451 ОТ 31.07.2026;;Услуги;
16;Техническое оснащение деятельности штаба;Рамочный с суммой;8;10;Организация предрейсовых осмотров автранспорта;Организация предрейсовых осмотров автранспорта;"ООО ""ПРЕДРЕЙСОВЫЙ""";1;;51000;51000;True;51000;51000;51000;338903;7704351079;ДОГОВОР 2026-1-Ф;02.02.2026;464;"(711К0232001;0200032) СОГЛАШЕНИЕ 091-10-2026-008 ОТ 28.01.2026 ДОГОВОР 2026-1-Ф ОТ 02.02.2026, УПД 5451 ОТ 31.07.2026 ДР ВЫПЛ СВЯЗ С ЗАКУП УСЛУГ(ПРОВЕДЕНИЕ ПРЕДРЕЙСОВЫХ МЕД ОСМОТРОВ ВОДИТ. ЗА ИЮЛЬ) НДС0.00";2026-08-13;Закупка внесена в подтверждённые желания и убрана из этого столбца;51000;Сумма в рамках рамочного договора №8;245129;;Сумма в рамках рамочного договора №8;Услуги;1. Техническое оснащение деятельности штаба;1. Техническое оснащение деятельности штаба;Организация предрейсовых осмотров автранспорта;Организация предрейсовых осмотров автранспорта;Федеральное Мероприятие;Неконкурентная закупка;Россия;;;;;;Нет;Нет;Да;Да;Еще не поставлено , но  будет.Ежемесячная услуга;Нет;Нет;51000;ещё не заказали;ещё не поставили;51000;ЭТО ВЫДУМАННЫЕ РАСХОДЫ ИЛИ ЕЖЕМЕСЯЧНЫЕ ПЛАТЕЖИ;ЭТО РЕАЛЬНЫЕ РАСХОДЫ;ещё не платили;Услуги;0;;464 от 13.08.2026;2026-11-01;11;;;;;;;200032;ДОГОВОР 2026-1-Ф от 02.02.2026;УПД 5451 ОТ 31.07.2026;;Услуги;
17;Техническое оснащение деятельности штаба;Рамочный с суммой;8;11;Организация предрейсовых осмотров автранспорта;Организация предрейсовых осмотров автранспорта;"ООО ""ПРЕДРЕЙСОВЫЙ""";1;;51000;51000;True;51000;51000;51000;338903;7704351079;ДОГОВОР 2026-1-Ф;02.02.2026;464;"(711К0232001;0200032) СОГЛАШЕНИЕ 091-10-2026-008 ОТ 28.01.2026 ДОГОВОР 2026-1-Ф ОТ 02.02.2026, УПД 5451 ОТ 31.07.2026 ДР ВЫПЛ СВЯЗ С ЗАКУП УСЛУГ(ПРОВЕДЕНИЕ ПРЕДРЕЙСОВЫХ МЕД ОСМОТРОВ ВОДИТ. ЗА ИЮЛЬ) НДС0.00";2026-08-13;Закупка внесена в подтверждённые желания и убрана из этого столбца;51000;Сумма в рамках рамочного договора №8;245129;;Сумма в рамках рамочного договора №8;Услуги;1. Техническое оснащение деятельности штаба;1. Техническое оснащение деятельности штаба;Организация предрейсовых осмотров автранспорта;Организация предрейсовых осмотров автранспорта;Федеральное Мероприятие;Неконкурентная закупка;Россия;;;;;;Нет;Нет;Да;Да;Еще не поставлено , но  будет.Ежемесячная услуга;Нет;Нет;51000;ещё не заказали;ещё не поставили;51000;ЭТО ВЫДУМАННЫЕ РАСХОДЫ ИЛИ ЕЖЕМЕСЯЧНЫЕ ПЛАТЕЖИ;ЭТО РЕАЛЬНЫЕ РАСХОДЫ;ещё не платили;Услуги;0;;464 от 13.08.2026;2026-12-01;12;;;;;;;200032;ДОГОВОР 2026-1-Ф от 02.02.2026;УПД 5451 ОТ 31.07.2026;;Услуги;
18;Техническое оснащение деятельности штаба;Рамочный с суммой;8;12;Организация предрейсовых осмотров автранспорта;Организация предрейсовых осмотров автранспорта;"ООО ""ПРЕДРЕЙСОВЫЙ""";1;;41129;41129;True;41129;41129;41129;338903;7704351079;Нет данных;Нет данных;Платёж не проходил;Не обнаружено;Платёж не проходил;Закупка внесена в подтверждённые желания и убрана из этого столбца;41129;Сумма в рамках рамочного договора №8;245129;;Сумма в рамках рамочного договора №8;Услуги;1. Техническое оснащение деятельности штаба;1. Техническое оснащение деятельности штаба;Организация предрейсовых осмотров автранспорта;Организация предрейсовых осмотров автранспорта;Федеральное Мероприятие;Неконкурентная закупка;Россия;;;;;;Нет;Нет;Да;Да;Еще не поставлено , но  будет.Ежемесячная услуга;Нет;Нет;41129;ещё не заказали;ещё не поставили;41129;ЭТО ВЫДУМАННЫЕ РАСХОДЫ ИЛИ ЕЖЕМЕСЯЧНЫЕ ПЛАТЕЖИ;ЭТО РЕАЛЬНЫЕ РАСХОДЫ;ещё не платили;Услуги;0;;Платёж не проходил от Платёж не проходил;2026-12-01;12;;;;;;;Платёж не проходил;Нет данных от Нет данных;Нет данных;;Заполни;
19;Техническое оснащение деятельности штаба;Рамочный накопительный;9;1;Поставка товаров;ПРИОБРЕТЕНИЕ КАРТРИДЖЕЙ;"ОБЩЕСТВО С ОГРАНИЧЕННОЙ ОТВЕТСТВЕННОСТЬЮ ""ПРИНТМОЛ""";1;;60480;60480;True;60480;60480;60480;74585;7724873066;ДОГОВОР 18/01;18.02.2026;89;"(711К0232001;0300022) СОГЛАШЕНИЕ 091-10-2026-008 ОТ 28.01.2026 ДОГОВОР 18/01 ОТ 18.02.2026, УПД ПМ-1613 ОТ 24.02.2026 ПРОЧИЕ МАТЕРИАЛЬНЫЕ ЗАПАСЫ (ПРИОБРЕТЕНИЕ КАРТРИДЖЕЙ) НДС10906.23";2026-03-17;Закупка внесена в подтверждённые желания и убрана из этого столбца;60480;60480;Договор разовый или накопительный поэтому 0;;60480;Товары;1. Техническое оснащение деятельности штаба;1. Техническое оснащение деятельности штаба;Организационные расходы на содержание штаба (услуги нотариуса, уборка помещений, кадровое сопровождение, бухгалтерского сопровождение, комплектующие для оргтехники, приобретение неисключительных прав на ПО);;;Конкурентная закупка;Зарубежное;;;;;;Нет;Нет;Да;Да;Да;Да;Да;уже заказали;60480;60480;ЭТО НЕ ЕЖЕМЕСЯЧНЫЙ ПЛАТЁЖ;Уже заказано;ЭТО РЕАЛЬНЫЕ РАСХОДЫ;60480;0;Товары;;89 от 17.03.2026;2026-03-17;3;;;;;;;300022;ДОГОВОР 18/01 от 18.02.2026;УПД ПМ-1613 ОТ 24.02.2026;;Услуги;
20;Техническое оснащение деятельности штаба;Рамочный накопительный;9;2;Поставка товаров;ПРИОБРЕТЕНИЕ КАРТРИДЖЕЙ;"ОБЩЕСТВО С ОГРАНИЧЕННОЙ ОТВЕТСТВЕННОСТЬЮ ""ПРИНТМОЛ""";1;;14105;14105;True;14105;14105;14105;74585;7724873066;ДОГОВОР 18/01;18.02.2026;90;"(711К0232001;0300022) СОГЛАШЕНИЕ 091-10-2026-008 ОТ 28.01.2026 ДОГОВОР 18/01 ОТ 18.02.2026, УПД ПМ-2082 ОТ 11.03.2026 ПРОЧИЕ МАТЕРИАЛЬНЫЕ ЗАПАСЫ (ПРИОБРЕТЕНИЕ КАРТРИДЖЕЙ) НДС2543.52";2026-03-17;Закупка внесена в подтверждённые желания и убрана из этого столбца;14105;14105;Договор разовый или накопительный поэтому 0;;14105;Товары;1. Техническое оснащение деятельности штаба;1. Техническое оснащение деятельности штаба;Организационные расходы на содержание штаба (услуги нотариуса, уборка помещений , кадровое сопровождение, бухгалтерского сопровождение, комплектующие для оргтехники, приобретение неисключительных прав на ПО);;;Конкурентная закупка;Зарубежное;;;;;;Нет;Нет;Да;Да;Да;Да;Да;уже заказали;14105;14105;ЭТО НЕ ЕЖЕМЕСЯЧНЫЙ ПЛАТЁЖ;Уже заказано;ЭТО РЕАЛЬНЫЕ РАСХОДЫ;14105;0;Товары;;90 от 17.03.2026;2026-03-17;3;;;;;;;300022;ДОГОВОР 18/01 от 18.02.2026;УПД ПМ-2082 ОТ 11.03.2026;;Услуги;
21;Техническое оснащение деятельности штаба;Разовый;10;1;Программное обеспечение;ПРОДЛЕНИЕ АРЕНДЫ СЕРВЕРОВ, РЕГИСТР ДОМЕННЫХ ИМЕН;НИКИТИН НИКОЛАЙ РУСЛАНОВИЧ;1;;7038;7038;True;7038;7038;7038;7038;500912415172;АВАНСОВЫЙ ОТЧЕТ 4;10.03.2026;107;"(711К0232001;0200032) СОГЛАШЕНИЕ 091-10-2026-008 ОТ 28.01.2026 АВАНСОВЫЙ ОТЧЕТ 4 ОТ 10.03.2026 ДРУГИЕ АНАЛОГ ВЫПЛАТЫ, СВЯЗАННЫЕ С ЗАКУПКОЙ УСЛУГ(ПРОДЛЕНИЕ АРЕНДЫ СЕРВЕРОВ, РЕГИСТР ДОМЕННЫХ ИМЕН) НДС0.00";2026-03-23;Закупка внесена в подтверждённые желания и убрана из этого столбца;7038;7038;Договор разовый или накопительный поэтому 0;;7038;Услуги;1. Техническое оснащение деятельности штаба;1. Техническое оснащение деятельности штаба;Прочее;;;Неконкурентная закупка;Зарубежное;;;;;;Нет;Нет;Да;Да;Да;Да;Да;уже заказали;7038;7038;ЭТО НЕ ЕЖЕМЕСЯЧНЫЙ ПЛАТЁЖ;Уже заказано;ЭТО РЕАЛЬНЫЕ РАСХОДЫ;7038;Услуги;0;;107 от 23.03.2026;2026-03-23;3;;;;;;;200032;АВАНСОВЫЙ ОТЧЕТ 4 от 10.03.2026;АВАНСОВЫЙ ОТЧЕТ 4 ОТ 10.03.2026;;Услуги;
22;Техническое оснащение деятельности штаба;Разовый;11;1;Услуги связи;Услуги связи;КРЕМЕНЕЦКАЯ ГАЛИНА СЕРГЕЕВНА;1;;1776.1;1776.1;True;1776.1;1776.1;1776.1;149837.7;345500078174;АВАНСОВЫЙ ОТЧЕТ 8;10.03.2026;108;"(711К0232001;0200001) СОГЛАШЕНИЕ 091-10-2026-008 ОТ 28.01.2026 АВАНСОВЫЙ ОТЧЕТ 8 ОТ 10.03.2026, АВАНСОВЫЙ ОТЧЕТ 9 ОТ 12.03.2026 УСЛУГИ ПОЧТОВОЙ СВЯЗИ НДС0.00";2026-03-23;Закупка внесена в подтверждённые желания и убрана из этого столбца;1776.1;1776.1;Договор разовый или накопительный поэтому 0;;1776.1;Услуги;1. Техническое оснащение деятельности штаба;1. Техническое оснащение деятельности штаба;Услуги связи;;;Неконкурентная закупка;Россия;;;;;;Нет;Нет;Да;Да;Да;Да;Да;уже заказали;1776.1;1776.1;ЭТО НЕ ЕЖЕМЕСЯЧНЫЙ ПЛАТЁЖ;Уже заказано;ЭТО РЕАЛЬНЫЕ РАСХОДЫ;1776.1;Услуги;0;;108 от 23.03.2026;2026-03-23;3;;;;;;;200001;АВАНСОВЫЙ ОТЧЕТ 8 от 10.03.2026;АВАНСОВЫЙ ОТЧЕТ 8 ОТ 10.03.2026;;Услуги;
23;Комплекс мероприятий, направленных на подготовку добровольцев в сфере предупреждения и ликвидации чрезвычайных ситуаций и практическое применение полученных ими навыков;Разовый;12;1;Оклейка автомобиля;УСЛУГИ ПО БРЕНДИРОВАНИЮ СЛУЖЕБНОГО АВТОМОБИЛЯ;ИНДИВИДУАЛЬНЫЙ ПРЕДПРИНИМАТЕЛЬ ГРОСС ПАВЕЛ ЮРЬЕВИЧ;1;;42500;42500;True;42500;42500;42500;236116.64;502724048445;ДОГОВОР 24/02;24.02.2026;119;"(711К0232001;0200032) СОГЛАШЕНИЕ 091-10-2026-008 ОТ 28.01.2026 ДОГОВОР 24/02 ОТ 24.02.2026, АКТ 12 ОТ 03.03.2026 ДР ВЫПЛ СВЯЗ С ЗАКУП УСЛУГ(УСЛУГИ ПО БРЕНДИРОВАНИЮ СЛУЖЕБНОГО АВТОМОБИЛЯ) НДС0.00";2026-04-03;Закупка внесена в подтверждённые желания и убрана из этого столбца;42500;42500;Договор разовый или накопительный поэтому 0;;42500;Услуги;2. Организация мероприятий;4. Организация участия в выставках, форумах, конференциях, туристических слетах, чрезвычайных ситуациях и гуманитарных миссиях;Услуги по брендированию;;;Неконкурентная закупка;Россия;;;;;;Нет;Нет;Да;Да;Да;Да;Да;уже заказали;42500;42500;ЭТО НЕ ЕЖЕМЕСЯЧНЫЙ ПЛАТЁЖ;Уже заказано;ЭТО РЕАЛЬНЫЕ РАСХОДЫ;42500;Услуги;0;;119 от 03.04.2026;2026-04-03;4;;;;;;;200032;ДОГОВОР 24/02 от 24.02.2026;АКТ 12 ОТ 03.03.2026;;Услуги;
24;Техническое оснащение деятельности штаба;Рамочный накопительный;3;2;ТЕХНИЧЕСКОЕ ОБСЛУЖИВАНИЕ И РЕМОНТ АВТОМОБИЛЯ;ТЕХНИЧЕСКОЕ ОБСЛУЖИВАНИЕ И РЕМОНТ АВТОМОБИЛЯ;"ОБЩЕСТВО С ОГРАНИЧЕННОЙ ОТВЕТСТВЕННОСТЬЮ ""ЦЕНТРАВТО""";1;;126419.3;126419.3;True;126419.3;126419.3;126419.3;505859.86;9721083909;2026 СТО;07.04.2026;136;"(711К0232001;0200014) СОГЛАШЕНИЕ 091-10-2026-008 ОТ 28.01.2026 РЕЕСТР ДОК.-ОСН. 136 ОТ 07.04.2026 РЕМОНТ (ТЕХНИЧЕСКОЕ ОБСЛУЖИВАНИЕ И РЕМОНТ АВТОМОБИЛЯ) НДС6019.97";2026-04-07;Закупка внесена в подтверждённые желания и убрана из этого столбца;126419.3;126419.3;Договор разовый или накопительный поэтому 0;;126419.3;Услуги;1. Техническое оснащение деятельности штаба;1. Техническое оснащение деятельности штаба;Ремонт техники;;;Неконкурентная закупка;Россия;1;;;;;Нет;Нет;Да;Да;Да;Да;Да;уже заказали;126419.3;126419.3;ЭТО НЕ ЕЖЕМЕСЯЧНЫЙ ПЛАТЁЖ;Уже заказано;ЭТО РЕАЛЬНЫЕ РАСХОДЫ;126419.3;Услуги;0;;136 от 07.04.2026;2026-04-07;4;;;;;;;200014;2026 СТО от 07.04.2026;РЕЕСТР ДОК.-ОСН. 136 ОТ 07.04.2026;;Услуги;
25;Техническое оснащение деятельности штаба;Рамочный накопительный;13;1;Поставка товаров;ПРИОБРЕТЕНИЕ КАНЦЕЛЯРСКИХ ТОВАРОВ (ГОФРОКОРОБ;"ООО ""ОФИСМАГ""";1;;28419.9;28419.9;True;28419.9;28419.9;28419.9;301205.81;5009062762;ДОГОВОР 208507/КОР;19.03.2026;139;"(711К0232001;0300022) СОГЛАШЕНИЕ 091-10-2026-008 ОТ 28.01.2026 СЧЕТ 65202/КОР ОТ 19.03.2026, УПД 064946 ОТ 19.03.2026 ПРОЧИЕ МАТЕРИАЛЬНЫЕ ЗАПАСЫ (ПРИОБРЕТЕНИЕ КАНЦЕЛЯРСКИХ ТОВАРОВ (ГОФРОКОРОБ)) НДС5124.90";2026-04-10;Закупка внесена в подтверждённые желания и убрана из этого столбца;28419.9;28419.9;Договор разовый или накопительный поэтому 0;;28419.9;Товары;1. Техническое оснащение деятельности штаба;1. Техническое оснащение деятельности штаба;Закупка канцелярских принадлежностей (бумага А4 и А3 плотностью 80 и 200 г/м2, ручка синяя, папки А4 и А3, папки-уголки, скрепки, степлеры и скобы и проч.);Закупка канцелярских принадлежностей;;Неконкурентная закупка;Россия;;;;;;Нет;Нет;Да;Да;Да;Да;Да;уже заказали;28419.9;28419.9;ЭТО НЕ ЕЖЕМЕСЯЧНЫЙ ПЛАТЁЖ;Уже заказано;ЭТО РЕАЛЬНЫЕ РАСХОДЫ;28419.9;0;Товары;;139 от 10.04.2026;2026-04-10;4;;;;;;;300022;ДОГОВОР 208507/КОР от 19.03.2026;УПД 064946 ОТ 19.03.2026;;Услуги;
26;Техническое оснащение деятельности штаба;Рамочный накопительный;13;2;Поставка товаров;ПРИОБРЕТЕНИЕ ХОЗЯЙСТВЕННЫХ ТОВАРОВ;"ООО ""ОФИСМАГ""";1;;19368.12;19368.12;True;19368.12;19368.12;19368.12;301205.81;5009062762;ДОГОВОР 208507/КОР;19.03.2026;140;"(711К0232001;0300022) СОГЛАШЕНИЕ 091-10-2026-008 ОТ 28.01.2026 СЧЕТ 65121/КОР ОТ 19.03.2026, УПД 066223 ОТ 19.03.2026 ПРОЧИЕ МАТЕРИАЛЬНЫЕ ЗАПАСЫ (ПРИОБРЕТЕНИЕ ХОЗЯЙСТВЕННЫХ ТОВАРОВ) НДС3492.62";2026-04-10;Закупка внесена в подтверждённые желания и убрана из этого столбца;19368.12;19368.12;Договор разовый или накопительный поэтому 0;;19368.12;Товары;1. Техническое оснащение деятельности штаба;1. Техническое оснащение деятельности штаба;Закупка канцелярских принадлежностей (бумага А4 и А3 плотностью 80 и 200 г/м2, ручка синяя, папки А4 и А3, папки-уголки, скрепки, степлеры и скобы и проч.);Закупка канцелярских принадлежностей;;Неконкурентная закупка;Россия;;;;;;Нет;Нет;Да;Да;Да;Да;Да;уже заказали;19368.12;19368.12;ЭТО НЕ ЕЖЕМЕСЯЧНЫЙ ПЛАТЁЖ;Уже заказано;ЭТО РЕАЛЬНЫЕ РАСХОДЫ;19368.12;0;Товары;;140 от 10.04.2026;2026-04-10;4;;;;;;;300022;ДОГОВОР 208507/КОР от 19.03.2026;УПД 066223 ОТ 19.03.2026;;Услуги;
27;Техническое оснащение деятельности штаба;Рамочный накопительный;13;3;Поставка товаров;ПРИОБРЕТЕНИЕ КАНЦЕЛЯРСКИХ ТОВАРОВ;"ООО ""ОФИСМАГ""";1;;7164.69;7164.69;True;7164.69;7164.69;7164.69;301205.81;5009062762;ДОГОВОР 208507/КОР;19.03.2026;141;"(711К0232001;0300022) СОГЛАШЕНИЕ 091-10-2026-008 ОТ 28.01.2026 СЧЕТ 65526/КОР ОТ 19.03.2026, УПД 066219 ОТ 19.03.2026 ПРОЧИЕ МАТЕРИАЛЬНЫЕ ЗАПАСЫ (ПРИОБРЕТЕНИЕ КАНЦЕЛЯРСКИХ ТОВАРОВ) НДС1291.99";2026-04-10;Закупка внесена в подтверждённые желания и убрана из этого столбца;7164.69;7164.69;Договор разовый или накопительный поэтому 0;;7164.69;Товары;1. Техническое оснащение деятельности штаба;1. Техническое оснащение деятельности штаба;Закупка канцелярских принадлежностей (бумага А4 и А3 плотностью 80 и 200 г/м2, ручка синяя, папки А4 и А3, папки-уголки, скрепки, степлеры и скобы и проч.);Закупка канцелярских принадлежностей;;Неконкурентная закупка;Россия;;;;;;Нет;Нет;Да;Да;Да;Да;Да;уже заказали;7164.69;7164.69;ЭТО НЕ ЕЖЕМЕСЯЧНЫЙ ПЛАТЁЖ;Уже заказано;ЭТО РЕАЛЬНЫЕ РАСХОДЫ;7164.69;0;Товары;;141 от 10.04.2026;2026-04-10;4;;;;;;;300022;ДОГОВОР 208507/КОР от 19.03.2026;УПД 066219 ОТ 19.03.2026;;Услуги;
28;Комплекс мероприятий, направленных на подготовку добровольцев в сфере предупреждения и ликвидации чрезвычайных ситуаций и практическое применение полученных ими навыков;Рамочный накопительный;13;4;Поставка товаров;ПРИОБРЕТ КАНЦ ТОВАРОВ, ПИТЬЕВОЙ ВОДЫ ДЛЯ МЕРОПР;"ООО ""ОФИСМАГ""";1;;8624.42;8624.42;True;8624.42;8624.42;8624.42;301205.81;5009062762;ДОГОВОР 208507/КОР;16.04.2026;195;"(711К0232001;0300022) СОГЛАШЕНИЕ 091-10-2026-008 ОТ 28.01.2026 СЧЕТ СЧ-КОР-91722 ОТ 16.04.2026, УПД 118561 ОТ 16.04.2026 ПРОЧИЕ МАТЕРИАЛЬНЫЕ ЗАПАСЫ (ПРИОБРЕТ КАНЦ ТОВАРОВ, ПИТЬЕВОЙ ВОДЫ ДЛЯ МЕРОПР) НДС1414.43";2026-04-29;Закупка внесена в подтверждённые желания и убрана из этого столбца;8624.42;8624.42;Договор разовый или накопительный поэтому 0;;8624.42;Товары;2. Организация мероприятий;4. Организация участия в выставках, форумах, конференциях, туристических слетах, чрезвычайных ситуациях и гуманитарных миссиях;Прочее;Закупка канцелярских принадлежностей;;Неконкурентная закупка;Россия;2;;;;;Нет;Нет;Да;Да;Да;Да;Да;уже заказали;8624.42;8624.42;ЭТО НЕ ЕЖЕМЕСЯЧНЫЙ ПЛАТЁЖ;Уже заказано;ЭТО РЕАЛЬНЫЕ РАСХОДЫ;8624.42;0;Товары;;195 от 29.04.2026;2026-04-29;4;;;;;;;300022;ДОГОВОР 208507/КОР от 16.04.2026;УПД 118561 ОТ 16.04.2026;;Услуги;
29;Комплекс мероприятий, направленных на подготовку добровольцев в сфере предупреждения и ликвидации чрезвычайных ситуаций и практическое применение полученных ими навыков;Рамочный накопительный;32;1;НВС-0465893 ОТ 31.03.26;НВС-0465893 ОТ 31.03.26;"ООО ""ЮГ-ЛОГИСТИКА""";1;;12090.25;12090.25;True;12090.25;12090.25;12090.25;295319.12;2315176820;ДОГОВОР ИМ-РФ-НВС-595;20.09.2021;143;"(711К0232001;0200006) СОГЛАШЕНИЕ 091-10-2026-008 ОТ 28.01.2026 ДОГОВОР ИМ-РФ-НВС-595 ОТ 20.09.2021, УПД НВС-0006839 ОТ 31.03.2026 ПЛАТА ЗА ПЕРЕВОЗКУ ГРУЗОВ ПО ДОГОВ ПЕРЕВОЗКИ(НВС-0465893 ОТ 31.03.26) НДС790.95";2026-04-13;Закупка внесена в подтверждённые желания и убрана из этого столбца;12090.25;12090.25;Договор разовый или накопительный поэтому 0;;12090.25;Услуги;2. Организация мероприятий;4. Организация участия в выставках, форумах, конференциях, туристических слетах, чрезвычайных ситуациях и гуманитарных миссиях;Услуги по доставке;;;;Россия;1;;;;;Нет;Нет;Да;Да;Да;Да;Да;уже заказали;12090.25;12090.25;ЭТО НЕ ЕЖЕМЕСЯЧНЫЙ ПЛАТЁЖ;Уже заказано;ЭТО РЕАЛЬНЫЕ РАСХОДЫ;12090.25;Услуги;0;;143 от 13.04.2026;2026-04-13;4;;;;;;;200006;ДОГОВОР ИМ-РФ-НВС-595 от 20.09.2021;УПД НВС-0006839 ОТ 31.03.2026;;Услуги;
30;Техническое оснащение деятельности штаба;Разовый;15;1;ТЕХНИЧЕСКОЕ ОБСЛУЖИВАНИЕ И РЕМОНТ АВТОМОБИЛЯ;ТЕХНИЧЕСКОЕ ОБСЛУЖИВАНИЕ И РЕМОНТ АВТОМОБИЛЯ;ГОЛИЧКОВ АЛЕКСАНДР ВЛАДИМИРОВИЧ;1;;87649.46;87649.46;True;87649.46;87649.46;87649.46;87649.46;772318222771;РЕЕСТР ДОК.-ОСН. 146;15.04.2026;146;"(711К0232001;0200014) СОГЛАШЕНИЕ 091-10-2026-008 ОТ 28.01.2026 РЕЕСТР ДОК.-ОСН. 146 ОТ 15.04.2026 РЕМОНТ (ТЕХНИЧЕСКОЕ ОБСЛУЖИВАНИЕ И РЕМОНТ АВТОМОБИЛЯ) НДС0.00";2026-04-15;Закупка внесена в подтверждённые желания и убрана из этого столбца;87649.46;87649.46;Договор разовый или накопительный поэтому 0;;87649.46;Услуги;1. Техническое оснащение деятельности штаба;1. Техническое оснащение деятельности штаба;Ремонт техники;;;;Россия;;;;;;Нет;Нет;Да;Да;Да;Да;Да;уже заказали;87649.46;87649.46;ЭТО НЕ ЕЖЕМЕСЯЧНЫЙ ПЛАТЁЖ;Уже заказано;ЭТО РЕАЛЬНЫЕ РАСХОДЫ;87649.46;Услуги;0;;146 от 15.04.2026;2026-04-15;4;;;;;;;200014;РЕЕСТР ДОК.-ОСН. 146 от 15.04.2026;РЕЕСТР ДОК.-ОСН. 146 ОТ 15.04.2026;;Услуги;
31;Техническое оснащение деятельности штаба;Разовый;16;1;ПРЕМИЯ ПО ПОЛИСУ № ТТТ 7097154801;ПРЕМИЯ ПО ПОЛИСУ № ТТТ 7097154801;"СПАО ""ИНГОССТРАХ""";1;;8484.01;8484.01;True;8484.01;8484.01;8484.01;8484.01;7705042179;ДОГОВОР CL537066215;14.04.2026;150;"(711К0232001;0200024) СОГЛАШЕНИЕ 091-10-2026-008 ОТ 28.01.2026 ДОГОВОР CL537066215 ОТ 14.04.2026, СЧЕТ 8-11752-5237808/26 ОТ 15.04.2026 УСЛУГИ ПО СТРАХ ИМУЩЕСТВА(ПРЕМИЯ ПО ПОЛИСУ № ТТТ 7097154801) НДС0.00";2026-04-16;Закупка внесена в подтверждённые желания и убрана из этого столбца;8484.01;8484.01;Договор разовый или накопительный поэтому 0;;8484.01;Услуги;1. Техническое оснащение деятельности штаба;1. Техническое оснащение деятельности штаба;Приобретение ОСАГО для автомобилей;;;;Россия;;;;;;Нет;Нет;Да;Да;Да;Да;Да;уже заказали;8484.01;8484.01;ЭТО НЕ ЕЖЕМЕСЯЧНЫЙ ПЛАТЁЖ;Уже заказано;ЭТО РЕАЛЬНЫЕ РАСХОДЫ;8484.01;Услуги;0;;150 от 16.04.2026;2026-04-16;4;;;;;;;200024;ДОГОВОР CL537066215 от 14.04.2026;Нет данных;;Услуги;
32;Техническое оснащение деятельности штаба;Разовый;17;1;СТРАХОВАЯ ПРЕМИЯ ЗА А/М КАМАЗ;СТРАХОВАЯ ПРЕМИЯ ЗА А/М КАМАЗ;"АО ""СК ""АСТРО-ВОЛГА""";1;;34512.08;34512.08;True;34512.08;34512.08;34512.08;34512.08;6315232133;ДОГОВОР ХХХ0640199659;17.04.2026;155;"(711К0232001;0200024) СОГЛАШЕНИЕ 091-10-2026-008 ОТ 28.01.2026 ДОГОВОР ХХХ0640199659 ОТ 17.04.2026, АКТ 001407254 ОТ 17.04.2026 УСЛУГИ ПО СТРАХ ИМУЩЕСТВА(СТРАХОВАЯ ПРЕМИЯ ЗА А/М КАМАЗ) НДС0.00";2026-04-20;Закупка внесена в подтверждённые желания и убрана из этого столбца;34512.08;34512.08;Договор разовый или накопительный поэтому 0;;34512.08;Услуги;1. Техническое оснащение деятельности штаба;1. Техническое оснащение деятельности штаба;Приобретение ОСАГО для автомобилей;;;;Россия;;;;;;Нет;Нет;Да;Да;Да;Да;Да;уже заказали;34512.08;34512.08;ЭТО НЕ ЕЖЕМЕСЯЧНЫЙ ПЛАТЁЖ;Уже заказано;ЭТО РЕАЛЬНЫЕ РАСХОДЫ;34512.08;Услуги;0;;155 от 20.04.2026;2026-04-20;4;;;;;;;200024;ДОГОВОР ХХХ0640199659 от 17.04.2026;АКТ 001407254 ОТ 17.04.2026;;Услуги;
33;Комплекс мероприятий, направленных на подготовку добровольцев в сфере предупреждения и ликвидации чрезвычайных ситуаций и практическое применение полученных ими навыков;Рамочный накопительный;18;1;УСЛУГИ ПО ОРГАНИЗАЦИИ И ПРЕДОСТАВЛЕНИЮ ПИТАНИЯ;УСЛУГИ ПО ОРГАНИЗАЦИИ И ПРЕДОСТАВЛЕНИЮ ПИТАНИЯ;ИНДИВИДУАЛЬНЫЙ ПРЕДПРИНИМАТЕЛЬ ГОЛЬДА МИХАИЛ АЛЕКСАНДРОВИЧ;1;;230559;230559;True;230559;230559;230559;230559;505100730229;ДОГОВОР 30/03-РМ;2026-02-06;170;"(711К0232001;0200032) СОГЛАШЕНИЕ 091-10-2026-008 ОТ 28.01.2026 ДОГОВОР 30/03-РМ ОТ 30.03.2026, АКТ 34 ОТ 21.04.2026 ДРУГ ВЫПЛ СВЯЗАННЫЕ С ЗАКУП УСЛУГ (УСЛУГИ ПО ОРГАНИЗАЦИИ И ПРЕДОСТАВЛЕНИЮ ПИТАНИЯ) НДС0.00";2026-04-23;Закупка внесена в подтверждённые желания и убрана из этого столбца;230559;230559;Договор разовый или накопительный поэтому 0;;230559;Услуги;2. Организация мероприятий;4. Организация участия в выставках, форумах, конференциях, туристических слетах, чрезвычайных ситуациях и гуманитарных миссиях;Организация питания;;;;Россия;1;;;;;Нет;Нет;Да;Да;Да;Да;Да;уже заказали;230559;230559;ЭТО НЕ ЕЖЕМЕСЯЧНЫЙ ПЛАТЁЖ;Уже заказано;ЭТО РЕАЛЬНЫЕ РАСХОДЫ;230559;Услуги;0;;170 от 23.04.2026;2026-04-23;4;;;;;;;200032;ДОГОВОР 30/03-РМ от 46059;АКТ 34 ОТ 21.04.2026;;Услуги;
34;Техническое оснащение деятельности штаба;Рамочный накопительный;19;1;Услуги связи;Услуги связи;КРЕМЕНЕЦКАЯ ГАЛИНА СЕРГЕЕВНА;1;;937.9;937.9;True;937.9;937.9;937.9;937.9;345500078174;АВАНСОВЫЙ ОТЧЕТ 12;13.04.2026;174;"(711К0232001;0200001) СОГЛАШЕНИЕ 091-10-2026-008 ОТ 28.01.2026 АВАНСОВЫЙ ОТЧЕТ 12 ОТ 13.04.2026 УСЛУГИ ПОЧТОВОЙ СВЯЗИ НДС0.00";2026-04-24;Закупка внесена в подтверждённые желания и убрана из этого столбца;937.9;937.9;Договор разовый или накопительный поэтому 0;;937.9;Услуги;1. Техническое оснащение деятельности штаба;1. Техническое оснащение деятельности штаба;Услуги связи;;;;Россия;;;;;;Нет;Нет;Да;Да;Да;Да;Да;уже заказали;937.9;937.9;ЭТО НЕ ЕЖЕМЕСЯЧНЫЙ ПЛАТЁЖ;Уже заказано;ЭТО РЕАЛЬНЫЕ РАСХОДЫ;937.9;Услуги;0;;174 от 24.04.2026;2026-04-24;4;;;;;;;200001;АВАНСОВЫЙ ОТЧЕТ 12 от 13.04.2026;АВАНСОВЫЙ ОТЧЕТ 12 ОТ 13.04.2026;;Услуги;
35;Техническое оснащение деятельности штаба;Рамочный накопительный;20;1;БАГАЖНИК ЭКСПЕДИЦ. НА СЛУЖЕБН АВТОМОБИЛЬ;БАГАЖНИК ЭКСПЕДИЦ. НА СЛУЖЕБН АВТОМОБИЛЬ;ИНДИВИДУАЛЬНЫЙ ПРЕДПРИНИМАТЕЛЬ СОБОЛЕВ ДМИТРИЙ АЛЕКСЕЕВИЧ;1;;169000;169000;True;169000;169000;169000;169000;621102708058;РЕЕСТР ДОК.-ОСН. 185;29.04.2026;185;"(711К0232001;0300022) СОГЛАШЕНИЕ 091-10-2026-008 ОТ 28.01.2026 РЕЕСТР ДОК.-ОСН. 185 ОТ 29.04.2026 ПРОЧИЕ МАТЕРИАЛЬНЫЕ ЗАТРАТЫ (БАГАЖНИК ЭКСПЕДИЦ. НА СЛУЖЕБН АВТОМОБИЛЬ) НДС8047.62";2026-04-29;Закупка внесена в подтверждённые желания и убрана из этого столбца;169000;169000;Договор разовый или накопительный поэтому 0;;169000;Товары;1. Техническое оснащение деятельности штаба;1. Техническое оснащение деятельности штаба;Ремонт техники;;;;Россия;;;;;;Нет;Нет;Да;Да;Да;Да;Да;уже заказали;169000;169000;ЭТО НЕ ЕЖЕМЕСЯЧНЫЙ ПЛАТЁЖ;Уже заказано;ЭТО РЕАЛЬНЫЕ РАСХОДЫ;169000;0;Товары;;185 от 29.04.2026;2026-04-29;4;;;;;;;300022;РЕЕСТР ДОК.-ОСН. 185 от 29.04.2026;РЕЕСТР ДОК.-ОСН. 185 ОТ 29.04.2026;;Услуги;
36;Комплекс мероприятий, направленных на гражданско-патриотическое воспитание детей и молодежи;Рамочный накопительный;21;1;БРОНИРОВАНИЕ ГОСТИНИЦ;БРОНИРОВАНИЕ ГОСТИНИЦ;"ООО ""КОРПОРАТИВНЫЙ АЛЬЯНС ""ТУРНЕ-ТРАНС""";1;;48939.62;48939.62;True;48939.62;48939.62;48939.62;648904.12;3905605417;РЕЕСТР ДОК.-ОСН. 190;29.04.2026;190;"(711К0232001;0200007) СОГЛАШЕНИЕ 091-10-2026-008 ОТ 28.01.2026 РЕЕСТР ДОК.-ОСН. 190 ОТ 29.04.2026 ДРУГИЕ АНАЛОГИЧНЫЕ ВЫПЛАТЫ (ОФОРМЛЕНИЕ БИЛЕТОВ, СЕРВИСНЫЙ СБОР) ЧАСТИЧНАЯ ОПЛАТА НДС3759.19";2026-04-29;Закупка внесена в подтверждённые желания и убрана из этого столбца;48939.62;48939.62;Договор разовый или накопительный поэтому 0;;48939.62;Услуги;4. Оказание услуг по транспортировке и проживанию сотрудников и добровольцев;2.Оказание услуг по проживанию сотрудников и добровольцев ВСКС;Оказание услуг по проживанию сотрудников и добровольцев ВСКС;;;;Россия;;;;;;Нет;Нет;Да;Да;Да;Да;Да;уже заказали;48939.62;48939.62;ЭТО НЕ ЕЖЕМЕСЯЧНЫЙ ПЛАТЁЖ;Уже заказано;ЭТО РЕАЛЬНЫЕ РАСХОДЫ;48939.62;Услуги;0;;190 от 29.04.2026;2026-04-29;4;;;;;;;200007;РЕЕСТР ДОК.-ОСН. 190 от 29.04.2026;РЕЕСТР ДОК.-ОСН. 190 ОТ 29.04.2026;;Услуги;
37;Комплекс мероприятий, направленных на гражданско-патриотическое воспитание детей и молодежи;Рамочный накопительный;21;2;БРОНИРОВАНИЕ ГОСТИНИЦ;БРОНИРОВАНИЕ ГОСТИНИЦ;"ООО ""КОРПОРАТИВНЫЙ АЛЬЯНС ""ТУРНЕ-ТРАНС""";1;;36724;36724;True;36724;36724;36724;648904.12;3905605417;РЕЕСТР ДОК.-ОСН. 191;29.04.2026;191;"(711К0232001;0200032) СОГЛАШЕНИЕ 091-10-2026-008 ОТ 28.01.2026 РЕЕСТР ДОК.-ОСН. 191 ОТ 29.04.2026 ДР ВЫПЛ СВЯЗ С ЗАКУП УСЛУГ (БРОНИРОВАНИЕ ГОСТИНИЦ)ЧАСТ ОПЛАТА НДС0.00";2026-04-29;Закупка внесена в подтверждённые желания и убрана из этого столбца;36724;36724;Договор разовый или накопительный поэтому 0;;36724;Услуги;4. Оказание услуг по транспортировке и проживанию сотрудников и добровольцев;1. Оказание услуг по транспортировке сотрудников и добровольцев ВСКС;Оказание услуг по транспортировке сотрудников и добровольцев ВСКС;;;;Россия;;;;;;Нет;Нет;Да;Да;Да;Да;Да;уже заказали;36724;36724;ЭТО НЕ ЕЖЕМЕСЯЧНЫЙ ПЛАТЁЖ;Уже заказано;ЭТО РЕАЛЬНЫЕ РАСХОДЫ;36724;Услуги;0;;191 от 29.04.2026;2026-04-29;4;;;;;;;200032;РЕЕСТР ДОК.-ОСН. 191 от 29.04.2026;РЕЕСТР ДОК.-ОСН. 191 ОТ 29.04.2026;;Услуги;
38;Комплекс мероприятий, направленных на гражданско-патриотическое воспитание детей и молодежи;Рамочный накопительный;21;3;БРОНИРОВАНИЕ ГОСТИНИЦ;БРОНИРОВАНИЕ ГОСТИНИЦ;"ООО ""КОРПОРАТИВНЫЙ АЛЬЯНС ""ТУРНЕ-ТРАНС""";1;;66755.5;66755.5;True;66755.5;66755.5;66755.5;648904.12;3905605417;РЕЕСТР ДОК.-ОСН. 261;22.05.2026;261;"(711К0232001;0200007) СОГЛАШЕНИЕ 091-10-2026-008 ОТ 28.01.2026 РЕЕСТР ДОК.-ОСН. 261 ОТ 22.05.2026 ДРУГИЕ АНАЛОГИЧНЫЕ ВЫПЛАТЫ (ОФОРМЛЕНИЕ БИЛЕТОВ, СЕРВИСНЫЙ СБОР) ЧАСТИЧНАЯ ОПЛАТА НДС5366.33";2026-05-22;Закупка внесена в подтверждённые желания и убрана из этого столбца;66755.5;66755.5;Договор разовый или накопительный поэтому 0;;66755.5;Услуги;4. Оказание услуг по транспортировке и проживанию сотрудников и добровольцев;2.Оказание услуг по проживанию сотрудников и добровольцев ВСКС;Оказание услуг по проживанию сотрудников и добровольцев ВСКС;;;;Россия;;;;;;Нет;Нет;Да;Да;Да;Да;Да;уже заказали;66755.5;66755.5;ЭТО НЕ ЕЖЕМЕСЯЧНЫЙ ПЛАТЁЖ;Уже заказано;ЭТО РЕАЛЬНЫЕ РАСХОДЫ;66755.5;Услуги;0;;261 от 22.05.2026;2026-05-22;5;;;;;;;200007;РЕЕСТР ДОК.-ОСН. 261 от 22.05.2026;РЕЕСТР ДОК.-ОСН. 261 ОТ 22.05.2026;;Услуги;
39;Комплекс мероприятий, направленных на гражданско-патриотическое воспитание детей и молодежи;Рамочный накопительный;21;4;БРОНИРОВАНИЕ ГОСТИНИЦ;БРОНИРОВАНИЕ ГОСТИНИЦ;"ООО ""КОРПОРАТИВНЫЙ АЛЬЯНС ""ТУРНЕ-ТРАНС""";1;;51790;51790;True;51790;51790;51790;648904.12;3905605417;РЕЕСТР ДОК.-ОСН. 262;22.05.2026;262;"(711К0232001;0200032) СОГЛАШЕНИЕ 091-10-2026-008 ОТ 28.01.2026 РЕЕСТР ДОК.-ОСН. 262 ОТ 22.05.2026 ДР ВЫПЛ СВЯЗ С ЗАКУП УСЛУГ (БРОНИРОВАНИЕ ГОСТИНИЦ)ЧАСТ ОПЛАТА НДС0.00";2026-05-22;Закупка внесена в подтверждённые желания и убрана из этого столбца;51790;51790;Договор разовый или накопительный поэтому 0;;51790;Услуги;4. Оказание услуг по транспортировке и проживанию сотрудников и добровольцев;1. Оказание услуг по транспортировке сотрудников и добровольцев ВСКС;Оказание услуг по транспортировке сотрудников и добровольцев ВСКС;;;;Россия;;;;;;Нет;Нет;Да;Да;Да;Да;Да;уже заказали;51790;51790;ЭТО НЕ ЕЖЕМЕСЯЧНЫЙ ПЛАТЁЖ;Уже заказано;ЭТО РЕАЛЬНЫЕ РАСХОДЫ;51790;Услуги;0;;262 от 22.05.2026;2026-05-22;5;;;;;;;200032;РЕЕСТР ДОК.-ОСН. 262 от 22.05.2026;РЕЕСТР ДОК.-ОСН. 262 ОТ 22.05.2026;;Услуги;
40;Комплекс мероприятий, направленных на гражданско-патриотическое воспитание детей и молодежи;Рамочный накопительный;21;5;БРОНИРОВАНИЕ ГОСТИНИЦ;БРОНИРОВАНИЕ ГОСТИНИЦ;"ООО ""КОРПОРАТИВНЫЙ АЛЬЯНС ""ТУРНЕ-ТРАНС""";1;;13190;13190;True;13190;13190;13190;648904.12;3905605417;РЕЕСТР ДОК.-ОСН. 276;27.05.2026;276;"(711К0232001;0200032) СОГЛАШЕНИЕ 091-10-2026-008 ОТ 28.01.2026 РЕЕСТР ДОК.-ОСН. 276 ОТ 27.05.2026 ДР ВЫПЛ СВЯЗ С ЗАКУП УСЛУГ (БРОНИРОВАНИЕ ГОСТИНИЦ)ЧАСТ ОПЛАТА НДС0.00";2026-05-27;Закупка внесена в подтверждённые желания и убрана из этого столбца;13190;13190;Договор разовый или накопительный поэтому 0;;13190;Услуги;4. Оказание услуг по транспортировке и проживанию сотрудников и добровольцев;2.Оказание услуг по проживанию сотрудников и добровольцев ВСКС;Оказание услуг по проживанию сотрудников и добровольцев ВСКС;;;;Россия;;;;;;Нет;Нет;Да;Да;Да;Да;Да;уже заказали;13190;13190;ЭТО НЕ ЕЖЕМЕСЯЧНЫЙ ПЛАТЁЖ;Уже заказано;ЭТО РЕАЛЬНЫЕ РАСХОДЫ;13190;Услуги;0;;276 от 27.05.2026;2026-05-27;5;;;;;;;200032;РЕЕСТР ДОК.-ОСН. 276 от 27.05.2026;РЕЕСТР ДОК.-ОСН. 276 ОТ 27.05.2026;;Услуги;
41;Комплекс мероприятий, направленных на гражданско-патриотическое воспитание детей и молодежи;Рамочный накопительный;21;6;БРОНИРОВАНИЕ ГОСТИНИЦ;БРОНИРОВАНИЕ ГОСТИНИЦ;"ООО ""КОРПОРАТИВНЫЙ АЛЬЯНС ""ТУРНЕ-ТРАНС""";1;;85113.84;85113.84;True;85113.84;85113.84;85113.84;648904.12;3905605417;РЕЕСТР ДОК.-ОСН. 277;27.05.2026;277;"(711К0232001;0200007) СОГЛАШЕНИЕ 091-10-2026-008 ОТ 28.01.2026 РЕЕСТР ДОК.-ОСН. 277 ОТ 27.05.2026 ДРУГИЕ АНАЛОГИЧНЫЕ ВЫПЛАТЫ (ОФОРМЛЕНИЕ БИЛЕТОВ, СЕРВИСНЫЙ СБОР) ЧАСТИЧНАЯ ОПЛАТА НДС5097.02";2026-05-27;Закупка внесена в подтверждённые желания и убрана из этого столбца;85113.84;85113.84;Договор разовый или накопительный поэтому 0;;85113.84;Услуги;4. Оказание услуг по транспортировке и проживанию сотрудников и добровольцев;1. Оказание услуг по транспортировке сотрудников и добровольцев ВСКС;Оказание услуг по транспортировке сотрудников и добровольцев ВСКС;;;;Россия;;;;;;Нет;Нет;Да;Да;Да;Да;Да;уже заказали;85113.84;85113.84;ЭТО НЕ ЕЖЕМЕСЯЧНЫЙ ПЛАТЁЖ;Уже заказано;ЭТО РЕАЛЬНЫЕ РАСХОДЫ;85113.84;Услуги;0;;277 от 27.05.2026;2026-05-27;5;;;;;;;200007;РЕЕСТР ДОК.-ОСН. 277 от 27.05.2026;РЕЕСТР ДОК.-ОСН. 277 ОТ 27.05.2026;;Услуги;
42;Комплекс мероприятий, направленных на гражданско-патриотическое воспитание детей и молодежи;Рамочный накопительный;21;7;БРОНИРОВАНИЕ ГОСТИНИЦ;БРОНИРОВАНИЕ ГОСТИНИЦ;"ООО ""КОРПОРАТИВНЫЙ АЛЬЯНС ""ТУРНЕ-ТРАНС""";1;;51729;51729;True;51729;51729;51729;648904.12;3905605417;РЕЕСТР ДОК.-ОСН. 292;29.05.2026;292;"(711К0232001;0200032) СОГЛАШЕНИЕ 091-10-2026-008 ОТ 28.01.2026 РЕЕСТР ДОК.-ОСН. 292 ОТ 29.05.2026 ДР ВЫПЛ СВЯЗ С ЗАКУП УСЛУГ (БРОНИРОВАНИЕ ГОСТИНИЦ)ЧАСТ ОПЛАТА НДС0.00";2026-05-29;Закупка внесена в подтверждённые желания и убрана из этого столбца;51729;51729;Договор разовый или накопительный поэтому 0;;51729;Услуги;4. Оказание услуг по транспортировке и проживанию сотрудников и добровольцев;1. Оказание услуг по транспортировке сотрудников и добровольцев ВСКС;Оказание услуг по транспортировке сотрудников и добровольцев ВСКС;;;;Россия;;;;;;Нет;Нет;Да;Да;Да;Да;Да;уже заказали;51729;51729;ЭТО НЕ ЕЖЕМЕСЯЧНЫЙ ПЛАТЁЖ;Уже заказано;ЭТО РЕАЛЬНЫЕ РАСХОДЫ;51729;Услуги;0;;292 от 29.05.2026;2026-05-29;5;;;;;;;200032;РЕЕСТР ДОК.-ОСН. 292 от 29.05.2026;РЕЕСТР ДОК.-ОСН. 292 ОТ 29.05.2026;;Услуги;
43;Комплекс мероприятий, направленных на гражданско-патриотическое воспитание детей и молодежи;Рамочный накопительный;21;8;БРОНИРОВАНИЕ ГОСТИНИЦ;БРОНИРОВАНИЕ ГОСТИНИЦ;"ООО ""КОРПОРАТИВНЫЙ АЛЬЯНС ""ТУРНЕ-ТРАНС""";1;;178521.38;178521.38;True;178521.38;178521.38;178521.38;648904.12;3905605417;РЕЕСТР ДОК.-ОСН. 293;29.05.2026;293;"(711К0232001;0200007) СОГЛАШЕНИЕ 091-10-2026-008 ОТ 28.01.2026 РЕЕСТР ДОК.-ОСН. 293 ОТ 29.05.2026 ДРУГИЕ АНАЛОГИЧНЫЕ ВЫПЛАТЫ (ОФОРМЛЕНИЕ БИЛЕТОВ, СЕРВИСНЫЙ СБОР) ЧАСТИЧНАЯ ОПЛАТА НДС11514.95";2026-05-29;Закупка внесена в подтверждённые желания и убрана из этого столбца;178521.38;178521.38;Договор разовый или накопительный поэтому 0;;178521.38;Услуги;4. Оказание услуг по транспортировке и проживанию сотрудников и добровольцев;1. Оказание услуг по транспортировке сотрудников и добровольцев ВСКС;Оказание услуг по транспортировке сотрудников и добровольцев ВСКС;;;;Россия;;;;;;Нет;Нет;Да;Да;Да;Да;Да;уже заказали;178521.38;178521.38;ЭТО НЕ ЕЖЕМЕСЯЧНЫЙ ПЛАТЁЖ;Уже заказано;ЭТО РЕАЛЬНЫЕ РАСХОДЫ;178521.38;Услуги;0;;293 от 29.05.2026;2026-05-29;5;;;;;;;200007;РЕЕСТР ДОК.-ОСН. 293 от 29.05.2026;РЕЕСТР ДОК.-ОСН. 293 ОТ 29.05.2026;;Услуги;
44;Комплекс мероприятий, направленных на гражданско-патриотическое воспитание детей и молодежи;Рамочный накопительный;22;1;КОМПЕНСАЦ ЗА ПРИОБРЕТЕНИЕ БРЕНДИР ПРОДУКЦИИ, ЦВЕТОВ ДЛЯ МЕРОПР;КОМПЕНСАЦ ЗА ПРИОБРЕТЕНИЕ БРЕНДИР ПРОДУКЦИИ, ЦВЕТОВ ДЛЯ МЕРОПР;СОЛОДИЛОВА ЕКАТЕРИНА ГЕННАДЬЕВНА;1;;97910;97910;True;97910;97910;97910;97910;772589801500;АВАНСОВЫЙ ОТЧЕТ 15;28.04.2026;193;"(711К0232001;0300022) СОГЛАШЕНИЕ 091-10-2026-008 ОТ 28.01.2026 АВАНСОВЫЙ ОТЧЕТ 15 ОТ 28.04.2026 ПРОЧИЕ МАТЕРИАЛЬНЫЕ ЗАТРАТЫ (КОМПЕНСАЦ ЗА ПРИОБРЕТЕНИЕ БРЕНДИР ПРОДУКЦИИ, ЦВЕТОВ ДЛЯ МЕРОПР) ЧАСТ ОПЛАТА НДС0.00";2026-04-29;Закупка внесена в подтверждённые желания и убрана из этого столбца;97910;97910;Договор разовый или накопительный поэтому 0;;97910;Товары;2. Организация мероприятий;6. Организация и проведения праздничных мероприятий к 25-летию ВСКС;Изготовление брендированной продукции;;;;Россия;;;;;;Нет;Нет;Да;Да;Да;Да;Да;уже заказали;97910;97910;ЭТО НЕ ЕЖЕМЕСЯЧНЫЙ ПЛАТЁЖ;Уже заказано;ЭТО РЕАЛЬНЫЕ РАСХОДЫ;97910;0;Товары;;193 от 29.04.2026;2026-04-29;4;;;;;;;300022;АВАНСОВЫЙ ОТЧЕТ 15 от 28.04.2026;АВАНСОВЫЙ ОТЧЕТ 15 ОТ 28.04.2026;;Услуги;
45;Техническое оснащение деятельности штаба;Рамочный накопительный;3;3;ТЕХНИЧЕСКОЕ ОБСЛУЖИВАНИЕ И РЕМОНТ АВТОМОБИЛЯ;ТЕХНИЧЕСКОЕ ОБСЛУЖИВАНИЕ И РЕМОНТ АВТОМОБИЛЯ;"ОБЩЕСТВО С ОГРАНИЧЕННОЙ ОТВЕТСТВЕННОСТЬЮ ""ЦЕНТРАВТО""";1;;141103.2;141103.2;True;141103.2;141103.2;141103.2;505859.86;9721083909;РЕЕСТР ДОК.-ОСН. 194;29.04.2026;194;"(711К0232001;0200014) СОГЛАШЕНИЕ 091-10-2026-008 ОТ 28.01.2026 РЕЕСТР ДОК.-ОСН. 194 ОТ 29.04.2026 РЕМОНТ (ТЕХНИЧЕСКОЕ ОБСЛУЖИВАНИЕ И РЕМОНТ АВТОМОБИЛЯ) НДС6719.19";2026-04-29;Закупка внесена в подтверждённые желания и убрана из этого столбца;141103.2;141103.2;Договор разовый или накопительный поэтому 0;;141103.2;Услуги;1. Техническое оснащение деятельности штаба;1. Техническое оснащение деятельности штаба;Ремонт техники;;;;Россия;;;;;;Нет;Нет;Да;Да;Да;Да;Да;уже заказали;141103.2;141103.2;ЭТО НЕ ЕЖЕМЕСЯЧНЫЙ ПЛАТЁЖ;Уже заказано;ЭТО РЕАЛЬНЫЕ РАСХОДЫ;141103.2;Услуги;0;;194 от 29.04.2026;2026-04-29;4;;;;;;;200014;РЕЕСТР ДОК.-ОСН. 194 от 29.04.2026;РЕЕСТР ДОК.-ОСН. 194 ОТ 29.04.2026;;Услуги;
46;Техническое оснащение деятельности штаба;Рамочный накопительный;3;4;ТЕХНИЧЕСКОЕ ОБСЛУЖИВАНИЕ И РЕМОНТ АВТОМОБИЛЯ;Ремонт автомобиля Delica D5 D446DN977;"ОБЩЕСТВО С ОГРАНИЧЕННОЙ ОТВЕТСТВЕННОСТЬЮ ""ЦЕНТРАВТО""";1;;37370.02;37370.02;True;37370.02;37370.02;37370.02;505859.86;9721083909;РЕЕСТР ДОК.-ОСН. 411;22.07.2026;411;"(711К0232001;0200014) СОГЛАШЕНИЕ 091-10-2026-008 ОТ 28.01.2026 РЕЕСТР ДОК.-ОСН. 411 ОТ 22.07.2026 РЕМОНТ (ТЕХНИЧЕСКОЕ ОБСЛУЖИВАНИЕ И РЕМОНТ АВТОМОБИЛЯ) НДС1779.53";2026-07-22;Закупка внесена в подтверждённые желания и убрана из этого столбца;37370.02;37370.02;Договор разовый или накопительный поэтому 0;;37370.02;Услуги;1. Техническое оснащение деятельности штаба;1. Техническое оснащение деятельности штаба;Ремонт техники;;;;Россия;;;;;;Нет;Нет;Да;Да;Да;Да;Да;уже заказали;37370.02;37370.02;ЭТО НЕ ЕЖЕМЕСЯЧНЫЙ ПЛАТЁЖ;Уже заказано;ЭТО РЕАЛЬНЫЕ РАСХОДЫ;37370.02;Услуги;0;;411 от 22.07.2026;;12;;;;;;;200014;РЕЕСТР ДОК.-ОСН. 411 от 22.07.2026;РЕЕСТР ДОК.-ОСН. 411 ОТ 22.07.2026;;Услуги;
47;Комплекс мероприятий, направленных на гражданско-патриотическое воспитание детей и молодежи;Рамочный накопительный;23;1;ИЗГОТОВ ЖЕТОН, ФЛАГ, ФОТО, НАНЕС НА ФУТБОЛ;ИЗГОТОВ ЖЕТОН, ФЛАГ, ФОТО, НАНЕС НА ФУТБОЛ;"ООО ""ФЕНИКС""";1;;128900;128900;True;128900;128900;128900;128900;7733872083;ДОГОВОР 15/04;15.04.2026;196;"(711К0232001;0200032) СОГЛАШЕНИЕ 091-10-2026-008 ОТ 28.01.2026 ДОГОВОР 15/04 ОТ 15.04.2026, УПД 23 ОТ 20.04.2026 ДР АНАЛОГ ВЫПЛАТЫ, СВЯЗАН С ЗАКУПКОЙ УСЛУГ(ИЗГОТОВ ЖЕТОН, ФЛАГ, ФОТО, НАНЕС НА ФУТБОЛ) НДС6138.09";2026-04-29;Закупка внесена в подтверждённые желания и убрана из этого столбца;128900;128900;Договор разовый или накопительный поэтому 0;;128900;Услуги;2. Организация мероприятий;6. Организация и проведения праздничных мероприятий к 25-летию ВСКС;Изготовление брендированной продукции;;;;Россия;;;;;;Нет;Нет;Да;Да;Да;Да;Да;уже заказали;128900;128900;ЭТО НЕ ЕЖЕМЕСЯЧНЫЙ ПЛАТЁЖ;Уже заказано;ЭТО РЕАЛЬНЫЕ РАСХОДЫ;128900;Услуги;0;;196 от 29.04.2026;2026-04-29;4;;;;;;;200032;ДОГОВОР 15/04 от 15.04.2026;УПД 23 ОТ 20.04.2026;;Услуги;
48;Комплекс мероприятий, направленных на гражданско-патриотическое воспитание детей и молодежи;Рамочный накопительный;24;1;ИЗГОТОВЛЕНИЕ, МОНТАЖ, ДЕМОНТАЖ ФОТОЗОНЫ;ИЗГОТОВЛЕНИЕ, МОНТАЖ, ДЕМОНТАЖ ФОТОЗОНЫ;ИНДИВИДУАЛЬНЫЙ ПРЕДПРИНИМАТЕЛЬ ОРЕХОВА ЕЛЕНА НИКОЛАЕВНА;1;;120000;120000;True;120000;120000;120000;120000;331900627837;ДОГОВОР 20/04;20.04.2026;197;"(711К0232001;0200032) СОГЛАШЕНИЕ 091-10-2026-008 ОТ 28.01.2026 ДОГОВОР 20/04 ОТ 20.04.2026, УПД 210426 ОТ 21.04.2026 ДР. ВЫПЛАТЫ СВЯЗ С ЗАКУП УСУГ(ИЗГОТОВЛЕНИЕ, МОНТАЖ, ДЕМОНТАЖ ФОТОЗОНЫ) НДС0.00";2026-04-29;Закупка внесена в подтверждённые желания и убрана из этого столбца;120000;120000;Договор разовый или накопительный поэтому 0;;120000;Услуги;2. Организация мероприятий;6. Организация и проведения праздничных мероприятий к 25-летию ВСКС;Услуга по брендированию и предоставлению помещений и застройки сцены дляпроведенияпрограмм;;;;Россия;;;;;;Нет;Нет;Да;Да;Да;Да;Да;уже заказали;120000;120000;ЭТО НЕ ЕЖЕМЕСЯЧНЫЙ ПЛАТЁЖ;Уже заказано;ЭТО РЕАЛЬНЫЕ РАСХОДЫ;120000;Услуги;0;;197 от 29.04.2026;2026-04-29;4;;;;;;;200032;ДОГОВОР 20/04 от 20.04.2026;УПД 210426 ОТ 21.04.2026;;Услуги;
49;Техническое оснащение деятельности штаба;Разовый;99;1;ПРИОБРЕТЕНИЕ АВТОШИНА, ДОМКРАТ, ПУСКО-ЗАРЯД УСТРОЙСТВО;ПРИОБРЕТЕНИЕ АВТОШИНА, ДОМКРАТ, ПУСКО-ЗАРЯД УСТРОЙСТВО;"ОБЩЕСТВО С ОГРАНИЧЕННОЙ ОТВЕТСТВЕННОСТЬЮ ""ДИАМАНТ-Д""";1;;112500;112500;True;112500;112500;112500;112500;7804719486;ДОГОВОР 21/07;21.07.2026;514;"(711К0232001;0300022) СОГЛАШЕНИЕ 091-10-2026-008 ОТ 28.01.2026 ДОГОВОР 21/07 ОТ 21.07.2026, УПД 44 ОТ 31.07.2026 ПРОЧИЕ МАТЕРИАЛЬНЫЕ ЗАТРАТЫ (ПРИОБРЕТЕНИЕ АВТОШИНА, ДОМКРАТ, ПУСКО-ЗАРЯД УСТРОЙСТВО) НДС20286.88";2026-08-31;Закупка внесена в подтверждённые желания и убрана из этого столбца;112500;112500;Договор разовый или накопительный поэтому 0;;112500;Товары;1. Техническое оснащение деятельности штаба;1. Техническое оснащение деятельности штаба;Ремонт техники;;;;Россия;;;;;;Нет;Нет;Да;Да;Да;Да;Да;уже заказали;112500;112500;ЭТО НЕ ЕЖЕМЕСЯЧНЫЙ ПЛАТЁЖ;Уже заказано;ЭТО РЕАЛЬНЫЕ РАСХОДЫ;112500;0;Товары;;514 от 31.08.2026;2026-08-31;8;;;;;;;300022;ДОГОВОР 21/07 от 21.07.2026;УПД 44 ОТ 31.07.2026;;Услуги;
50;Техническое оснащение деятельности штаба;Разовый;25;1;ПРИОБРЕТ ШИНЫ YOKOHAMA ДЛЯ СЛУЖЕБНОГО ТС;ПРИОБРЕТ ШИНЫ YOKOHAMA ДЛЯ СЛУЖЕБНОГО ТС;"ОБЩЕСТВО С ОГРАНИЧЕННОЙ ОТВЕТСТВЕННОСТЬЮ ""ДИАМАНТ-Д""";1;;97500;97500;True;97500;97500;97500;97500;7804719486;ДОГОВОР Ш-03;16.04.2026;198;"(711К0232001;0300022) СОГЛАШЕНИЕ 091-10-2026-008 ОТ 28.01.2026 ДОГОВОР Ш-03 ОТ 16.04.2026, УПД 21 ОТ 27.04.2026 ПРОЧИЕ МАТЕРИАЛЬНЫЕ ЗАПАСЫ (ПРИОБРЕТ ШИНЫ YOKOHAMA ДЛЯ СЛУЖЕБНОГО ТС) НДС17581.97";2026-04-29;Закупка внесена в подтверждённые желания и убрана из этого столбца;97500;97500;Договор разовый или накопительный поэтому 0;;97500;Товары;1. Техническое оснащение деятельности штаба;1. Техническое оснащение деятельности штаба;Ремонт техники;;;;Россия;;;;;;Нет;Нет;Да;Да;Да;Да;Да;уже заказали;97500;97500;ЭТО НЕ ЕЖЕМЕСЯЧНЫЙ ПЛАТЁЖ;Уже заказано;ЭТО РЕАЛЬНЫЕ РАСХОДЫ;97500;0;Товары;;198 от 29.04.2026;2026-04-29;4;;;;;;;300022;ДОГОВОР Ш-03 от 16.04.2026;УПД 21 ОТ 27.04.2026;;Услуги;
51;Комплекс мероприятий, направленных на гражданско-патриотическое воспитание детей и молодежи;Рамочный накопительный;26;1;ВИДЕОСЪЕМКА МЕРОПРИЯТИЯ;ВИДЕОСЪЕМКА МЕРОПРИЯТИЯ;ШМЕЛЕВ ДМИТРИЙ ВЛАДИМИРОВИЧ;1;;123000;123000;True;123000;123000;123000;123000;773178550348;ДОГОВОР 15/04/1;15.04.2026;199;"(711К0232001;0200032) СОГЛАШЕНИЕ 091-10-2026-008 ОТ 28.01.2026 ДОГОВОР 15/04/1 ОТ 15.04.2026, АКТ Б/Н ОТ 23.04.2026 ДР ВЫПЛ СВЯЗ С ЗАКУП УСЛУГ (ВИДЕОСЪЕМКА МЕРОПРИЯТИЯ) НДС0.00";2026-04-29;Закупка внесена в подтверждённые желания и убрана из этого столбца;123000;123000;Договор разовый или накопительный поэтому 0;;123000;Услуги;2. Организация мероприятий;6. Организация и проведения праздничных мероприятий к 25-летию ВСКС;Услуги по фото-видео съемке мероприятия;Услуги по видеосъёмке;Федеральное Мероприятие;Неконкурентная закупка;Россия;3;;;;;Нет;Нет;Да;Да;Да;Да;Да;уже заказали;123000;123000;ЭТО НЕ ЕЖЕМЕСЯЧНЫЙ ПЛАТЁЖ;Уже заказано;ЭТО РЕАЛЬНЫЕ РАСХОДЫ;123000;Услуги;0;;199 от 29.04.2026;2026-04-29;4;;;;;;;200032;ДОГОВОР 15/04/1 от 15.04.2026;АКТ Б/Н ОТ 23.04.2026;;Услуги;
52;Комплекс мероприятий, направленных на гражданско-патриотическое воспитание детей и молодежи;Рамочный накопительный;27;1;ФОТОСЪЕМКА МЕРОПРИЯТИЯ;ФОТОСЪЕМКА МЕРОПРИЯТИЯ;ИНДИВИДУАЛЬНЫЙ ПРЕДПРИНИМАТЕЛЬ НАРБУТОВСКАЯ ВИКТОРИЯ ЮРЬЕВНА;1;;32000;32000;True;32000;32000;32000;32000;614107054136;ДОГОВОР 15/04/3;15.04.2026;215;"(711К0232001;0200032) СОГЛАШЕНИЕ 091-10-2026-008 ОТ 28.01.2026 ДОГОВОР 15/04/3 ОТ 15.04.2026, АКТ Б/Н ОТ 22.04.2026 ДР ВЫПЛ СВЯЗ С ЗАКУП УСЛУГ (ФОТОСЪЕМКА МЕРОПРИЯТИЯ) НДС0.00";2026-05-06;Закупка внесена в подтверждённые желания и убрана из этого столбца;32000;32000;Договор разовый или накопительный поэтому 0;;32000;Услуги;2. Организация мероприятий;6. Организация и проведения праздничных мероприятий к 25-летию ВСКС;Услуги по фото-видео съемке мероприятия;;;;Россия;;;;;;Нет;Нет;Да;Да;Да;Да;Да;уже заказали;32000;32000;ЭТО НЕ ЕЖЕМЕСЯЧНЫЙ ПЛАТЁЖ;Уже заказано;ЭТО РЕАЛЬНЫЕ РАСХОДЫ;32000;Услуги;0;;215 от 06.05.2026;2026-05-06;5;;;;;;;200032;ДОГОВОР 15/04/3 от 15.04.2026;АКТ Б/Н ОТ 22.04.2026;;Услуги;
53;Комплекс мероприятий, направленных на гражданско-патриотическое воспитание детей и молодежи;Рамочный накопительный;28;1;ФОТОСЪЕМКА МЕРОПРИЯТИЯ;ФОТОСЪЕМКА МЕРОПРИЯТИЯ;ИНДИВИДУАЛЬНЫЙ ПРЕДПРИНИМАТЕЛЬ ШАБУНИН СЕРГЕЙ АЛЕКСЕЕВИЧ;1;;28000;28000;True;28000;28000;28000;28000;615522450317;ДОГОВОР 15/04/2;15.04.2026;216;"(711К0232001;0200032) СОГЛАШЕНИЕ 091-10-2026-008 ОТ 28.01.2026 ДОГОВОР 15/04/2 ОТ 15.04.2026, АКТ Б/Н ОТ 22.04.2026 ДР ВЫПЛ СВЯЗ С ЗАКУП УСЛУГ (ФОТОСЪЕМКА МЕРОПРИЯТИЯ) НДС0.00";2026-05-06;Закупка внесена в подтверждённые желания и убрана из этого столбца;28000;28000;Договор разовый или накопительный поэтому 0;;28000;Услуги;2. Организация мероприятий;6. Организация и проведения праздничных мероприятий к 25-летию ВСКС;Услуги по фото-видео съемке мероприятия;;;;Россия;;;;;;Нет;Нет;Да;Да;Да;Да;Да;уже заказали;28000;28000;ЭТО НЕ ЕЖЕМЕСЯЧНЫЙ ПЛАТЁЖ;Уже заказано;ЭТО РЕАЛЬНЫЕ РАСХОДЫ;28000;Услуги;0;;216 от 06.05.2026;2026-05-06;5;;;;;;;200032;ДОГОВОР 15/04/2 от 15.04.2026;АКТ Б/Н ОТ 22.04.2026;;Услуги;
54;Комплекс мероприятий, направленных на гражданско-патриотическое воспитание детей и молодежи;Разовый;29;1;КОМПЕН ЗА УСЛУГИ ПО ИЗГОТ КРЕПЕЖНЫХ ЭЛЕМЕНТОВ ДЛЯ ФЛАГШТОКОВ;КОМПЕН ЗА УСЛУГИ ПО ИЗГОТ КРЕПЕЖНЫХ ЭЛЕМЕНТОВ ДЛЯ ФЛАГШТОКОВ;ЛЯГИН АНДРЕЙ АНАТОЛЬЕВИЧ;1;;17000;17000;True;17000;17000;17000;17000;772155939908;АВАНСОВЫЙ ОТЧЕТ 20;28.04.2026;217;"(711К0232001;0200032) СОГЛАШЕНИЕ 091-10-2026-008 ОТ 28.01.2026 АВАНСОВЫЙ ОТЧЕТ 20 ОТ 28.04.2026 ДРУГ АНАЛОГ ВЫПЛАТЫ, СВЯЗАН С ЗАКУПКОЙ УСЛУГ(КОМПЕН ЗА УСЛУГИ ПО ИЗГОТ КРЕПЕЖНЫХ ЭЛЕМЕНТОВ ДЛЯ ФЛАГШТОКОВ) НДС0.00";2026-05-06;Закупка внесена в подтверждённые желания и убрана из этого столбца;17000;17000;Договор разовый или накопительный поэтому 0;;17000;Услуги;2. Организация мероприятий;6. Организация и проведения праздничных мероприятий к 25-летию ВСКС;Услуга по подготовке и техническому обеспечению площадки проведения мероприятия;;;;Россия;;;;;;Нет;Нет;Да;Да;Да;Да;Да;уже заказали;17000;17000;ЭТО НЕ ЕЖЕМЕСЯЧНЫЙ ПЛАТЁЖ;Уже заказано;ЭТО РЕАЛЬНЫЕ РАСХОДЫ;17000;Услуги;0;;217 от 06.05.2026;2026-05-06;5;;;;;;;200032;АВАНСОВЫЙ ОТЧЕТ 20 от 28.04.2026;АВАНСОВЫЙ ОТЧЕТ 20 ОТ 28.04.2026;;Услуги;
55;Комплекс мероприятий, направленных на гражданско-патриотическое воспитание детей и молодежи;Разовый;30;1;УСЛУГИ ПО ПЕРСОНАЛИЗАЦИИ МАКЕТА;УСЛУГИ ПО ПЕРСОНАЛИЗАЦИИ МАКЕТА;СОЛОДИЛОВА ЕКАТЕРИНА ГЕННАДЬЕВНА;1;;3500;3500;True;3500;3500;3500;3500;772589801500;АВАНСОВЫЙ ОТЧЕТ 15;28.04.2026;230;"(711К0232001;0200032) СОГЛАШЕНИЕ 091-10-2026-008 ОТ 28.01.2026 АВАНСОВЫЙ ОТЧЕТ 15 ОТ 28.04.2026 ДРУГИЕ ВЫПЛАТЫ СВЯЗ. С ЗАКУПКОЙ УСЛУГ (УСЛУГИ ПО ПЕРСОНАЛИЗАЦИИ МАКЕТА) ЧАСТ ОПЛАТА НДС0.00";2026-05-06;Закупка внесена в подтверждённые желания и убрана из этого столбца;3500;3500;Договор разовый или накопительный поэтому 0;;3500;Услуги;2. Организация мероприятий;6. Организация и проведения праздничных мероприятий к 25-летию ВСКС;Изготовление брендированной продукции;;;;Россия;;;;;;Нет;Нет;Да;Да;Да;Да;Да;уже заказали;3500;3500;ЭТО НЕ ЕЖЕМЕСЯЧНЫЙ ПЛАТЁЖ;Уже заказано;ЭТО РЕАЛЬНЫЕ РАСХОДЫ;3500;Услуги;0;;230 от 06.05.2026;2026-05-28;5;;;;;;;200032;АВАНСОВЫЙ ОТЧЕТ 15 от 28.04.2026;АВАНСОВЫЙ ОТЧЕТ 15 ОТ 28.04.2026;;Услуги;
56;Комплекс мероприятий, направленных на гражданско-патриотическое воспитание детей и молодежи;Рамочный накопительный;31;1;УСЛУГИ ВОКАЛЬН ИСПОЛНИТ, ЗВУКОВОЕ И МУЗЫК ОФОРМЛЕНИЕ МЕРОПРИЯТИЯ;УСЛУГИ ВОКАЛЬН ИСПОЛНИТ, ЗВУКОВОЕ И МУЗЫК ОФОРМЛЕНИЕ МЕРОПРИЯТИЯ;БОЧАРОВ ВАСИЛИЙ ВАСИЛЬЕВИЧ;1;;90000;90000;True;90000;90000;90000;90000;503110151530;ДОГОВОР 1;25.04.2026;240;"(711К0232001;0200032) СОГЛАШЕНИЕ 091-10-2026-008 ОТ 28.01.2026 ДОГОВОР 1 ОТ 25.04.2026, АКТ 1 ОТ 29.04.2026 ДР ВЫПЛ СВЯЗ С ЗАКУП УСЛУГ (УСЛУГИ ВОКАЛЬН ИСПОЛНИТ, ЗВУКОВОЕ И МУЗЫК ОФОРМЛЕНИЕ МЕРОПРИЯТИЯ) НДС0.00";2026-05-07;Закупка внесена в подтверждённые желания и убрана из этого столбца;90000;90000;Договор разовый или накопительный поэтому 0;;90000;Услуги;2. Организация мероприятий;6. Организация и проведения праздничных мероприятий к 25-летию ВСКС;Услуга по организации программы;;;;Россия;;;;;;Нет;Нет;Да;Да;Да;Да;Да;уже заказали;90000;90000;ЭТО НЕ ЕЖЕМЕСЯЧНЫЙ ПЛАТЁЖ;Уже заказано;ЭТО РЕАЛЬНЫЕ РАСХОДЫ;90000;Услуги;0;;240 от 07.05.2026;2026-05-07;5;;;;;;;200032;ДОГОВОР 1 от 25.04.2026;АКТ 1 ОТ 29.04.2026;;Услуги;
57;Комплекс мероприятий, направленных на гражданско-патриотическое воспитание детей и молодежи;Рамочный накопительный;32;2;НВС-0469739 ОТ 30.04.26;НВС-0469739 ОТ 30.04.26;"ООО ""ЮГ-ЛОГИСТИКА""";1;;190993.24;190993.24;True;190993.24;190993.24;190993.24;295319.12;2315176820;ДОГОВОР ИМ-РФ-НВС-595;20.09.2021;243;"(711К0232001;0200006) СОГЛАШЕНИЕ 091-10-2026-008 ОТ 28.01.2026 ДОГОВОР ИМ-РФ-НВС-595 ОТ 20.09.2021, УПД НВС-0010981 ОТ 30.04.2026 ПЛАТА ЗА ПЕРЕВ ГРУЗ ПО ДОГОВ ПЕРЕВ (НВС-0469739 ОТ 30.04.26) НДС12494.88";2026-05-07;Закупка внесена в подтверждённые желания и убрана из этого столбца;190993.24;190993.24;Договор разовый или накопительный поэтому 0;;190993.24;Услуги;2. Организация мероприятий;6. Организация и проведения праздничных мероприятий к 25-летию ВСКС;Услуги по доставке;;;;Россия;2;;;;;Нет;Нет;Да;Да;Да;Да;Да;уже заказали;190993.24;190993.24;ЭТО НЕ ЕЖЕМЕСЯЧНЫЙ ПЛАТЁЖ;Уже заказано;ЭТО РЕАЛЬНЫЕ РАСХОДЫ;190993.24;Услуги;0;;243 от 07.05.2026;2026-05-07;5;;;;;;;200006;ДОГОВОР ИМ-РФ-НВС-595 от 20.09.2021;УПД НВС-0010981 ОТ 30.04.2026;;Услуги;
58;Комплекс мероприятий, направленных на гражданско-патриотическое воспитание детей и молодежи;Разовый;33;1;Изготовление подарочной продукции;Металлический держатель, цвет <Серебро>,;ЦЫГАНОВ ИГОРЬ АЛЕКСАНДРОВИЧ;28;;620;17360;True;620;17360;94640;94640;772905105906;Нет данных;Нет данных;Платёж не проходил;Не обнаружено;Платёж не проходил;Закупка внесена в подтверждённые желания и убрана из этого столбца;17360;17360;Договор разовый или накопительный поэтому 0;;17360;Услуги;2. Организация мероприятий;6. Организация и проведения праздничных мероприятий к 25-летию ВСКС;Прочее;;;;Россия;;;;;;Нет;Нет;Да;Да;Да;Да;Да;уже заказали;17360;17360;ЭТО НЕ ЕЖЕМЕСЯЧНЫЙ ПЛАТЁЖ;Уже заказано;ЭТО РЕАЛЬНЫЕ РАСХОДЫ;17360;Услуги;0;;Платёж не проходил от Платёж не проходил;2026-06-01;6;;;;;;;Платёж не проходил;Нет данных от Нет данных;Нет данных;;Заполни;
59;Комплекс мероприятий, направленных на гражданско-патриотическое воспитание детей и молодежи;Разовый;33;1;Изготовление подарочной продукции;Персонализация макета (вписать ФИО человека, изменить данные и тд.);ЦЫГАНОВ ИГОРЬ АЛЕКСАНДРОВИЧ;28;;525;14700;True;525;14700;94640;94640;772905105906;Нет данных;Нет данных;Платёж не проходил;Не обнаружено;Платёж не проходил;Закупка внесена в подтверждённые желания и убрана из этого столбца;14700;14700;Договор разовый или накопительный поэтому 0;;14700;Услуги;2. Организация мероприятий;6. Организация и проведения праздничных мероприятий к 25-летию ВСКС;Изготовление брендированной продукции;;;;Россия;;;;;;Нет;Нет;Да;Да;Да;Да;Да;уже заказали;14700;14700;ЭТО НЕ ЕЖЕМЕСЯЧНЫЙ ПЛАТЁЖ;Уже заказано;ЭТО РЕАЛЬНЫЕ РАСХОДЫ;14700;Услуги;0;;Платёж не проходил от Платёж не проходил;2026-06-01;6;;;;;;;Платёж не проходил;Нет данных от Нет данных;Нет данных;;Заполни;
60;Комплекс мероприятий, направленных на гражданско-патриотическое воспитание детей и молодежи;Разовый;33;1;Изготовление подарочной продукции;"Плакетка МДФ Венге 20х25см, металлическая пластина ""золото матовое"" 15х20см";ЦЫГАНОВ ИГОРЬ АЛЕКСАНДРОВИЧ;28;;2235;62580;True;2235;62580;94640;94640;772905105906;Нет данных;Нет данных;Платёж не проходил;Не обнаружено;Платёж не проходил;Закупка внесена в подтверждённые желания и убрана из этого столбца;62580;62580;Договор разовый или накопительный поэтому 0;;62580;Товары;2. Организация мероприятий;6. Организация и проведения праздничных мероприятий к 25-летию ВСКС;Изготовление брендированной продукции;;;;Россия;;;;;;Нет;Нет;Да;Да;Да;Да;Да;уже заказали;62580;62580;ЭТО НЕ ЕЖЕМЕСЯЧНЫЙ ПЛАТЁЖ;Уже заказано;ЭТО РЕАЛЬНЫЕ РАСХОДЫ;62580;0;Товары;;Платёж не проходил от Платёж не проходил;2026-06-01;6;;;;;;;Платёж не проходил;Нет данных от Нет данных;Нет данных;;Заполни;
61;Техническое оснащение деятельности штаба;Разовый;34;1;Оплата Битрикс;Оплата Битрикс;ЦЫГАНОВ ИГОРЬ АЛЕКСАНДРОВИЧ;1;;1755;1755;True;1755;1755;1755;1755;772905105906;Нет данных;Нет данных;Платёж не проходил;Не обнаружено;Платёж не проходил;Закупка внесена в подтверждённые желания и убрана из этого столбца;1755;1755;Договор разовый или накопительный поэтому 0;;1755;Услуги;1. Техническое оснащение деятельности штаба;1. Техническое оснащение деятельности штаба;Организационные расходы на содержание штаба (услуги нотариуса, уборка помещений, кадровое сопровождение, бухгалтерского сопровождение, комплектующие для оргтехники, приобретение неисключительных прав на ПО);;;;Россия;;;;;;Нет;Нет;Да;Да;Да;Да;Да;уже заказали;1755;1755;ЭТО НЕ ЕЖЕМЕСЯЧНЫЙ ПЛАТЁЖ;Уже заказано;ЭТО РЕАЛЬНЫЕ РАСХОДЫ;1755;Услуги;0;;Платёж не проходил от Платёж не проходил;2026-06-01;6;;;;;;;Платёж не проходил;Нет данных от Нет данных;Нет данных;;Заполни;
62;Техническое оснащение деятельности штаба;Разовый;35;1;Изготовление плана эвакуации;Изготовление плана эвакуации;ЦЫГАНОВ ИГОРЬ АЛЕКСАНДРОВИЧ;1;;3750;3750;True;3750;3750;3750;3750;772905105906;Нет данных;Нет данных;Платёж не проходил;Не обнаружено;Платёж не проходил;Закупка внесена в подтверждённые желания и убрана из этого столбца;3750;3750;Договор разовый или накопительный поэтому 0;;3750;Услуги;1. Техническое оснащение деятельности штаба;1. Техническое оснащение деятельности штаба;Прочее;;;;Россия;;;;;;Нет;Нет;Да;Да;Да;Да;Да;уже заказали;3750;3750;ЭТО НЕ ЕЖЕМЕСЯЧНЫЙ ПЛАТЁЖ;Уже заказано;ЭТО РЕАЛЬНЫЕ РАСХОДЫ;3750;Услуги;0;;Платёж не проходил от Платёж не проходил;2026-06-01;6;;;;;;;Платёж не проходил;Нет данных от Нет данных;Нет данных;;Заполни;
63;Комплекс мероприятий, направленных на гражданско-патриотическое воспитание детей и молодежи;Разовый;36;1;Логистические услуги;Логистические услуги;ЛЮБАРЕЦ ЕВГЕНИЯ ДМИТРИЕВНА;1;;7220;7220;True;7220;7220;7220;7220;772993378875;АВАНСОВЫЙ ОТЧЕТ 25;20.05.2026;288;"(711К0232001;0200006) СОГЛАШЕНИЕ 091-10-2026-008 ОТ 28.01.2026 АВАНСОВЫЙ ОТЧЕТ 25 ОТ 20.05.2026 ПЛАТА ЗА ДОСТАВКУ ОТПРАВЛЕНИЙ (УСЛУГИ ДОСТАВКИ) НДС0.00";2026-05-28;Закупка внесена в подтверждённые желания и убрана из этого столбца;7220;7220;Договор разовый или накопительный поэтому 0;;7220;Услуги;2. Организация мероприятий;6. Организация и проведения праздничных мероприятий к 25-летию ВСКС;Услуги по доставке;;;;Россия;;;;;;Нет;Нет;Да;Да;Да;Да;Да;уже заказали;7220;7220;ЭТО НЕ ЕЖЕМЕСЯЧНЫЙ ПЛАТЁЖ;Уже заказано;ЭТО РЕАЛЬНЫЕ РАСХОДЫ;7220;Услуги;0;;288 от 28.05.2026;2026-05-28;5;;;;;;;200006;АВАНСОВЫЙ ОТЧЕТ 25 от 20.05.2026;АВАНСОВЫЙ ОТЧЕТ 25 ОТ 20.05.2026;;Услуги;
64;Техническое оснащение деятельности штаба;Разовый;43;1;Пикап-Ролик для принтера;Пикап-Ролик для принтера;ЛЮБАРЕЦ ЕВГЕНИЯ ДМИТРИЕВНА;1;;3902;3902;True;3902;3902;3902;3902;772993378875;АВАНСОВЫЙ ОТЧЕТ 26;20.05.2026;289;"(711К0232001;0300022) СОГЛАШЕНИЕ 091-10-2026-008 ОТ 28.01.2026 АВАНСОВЫЙ ОТЧЕТ 26 ОТ 20.05.2026 ПРОЧИЕ МАТЕРИАЛЬНЫЕ ЗАТРАТЫ (КОМПЕНСАЦИЯ ЗА ПРИОБРЕТЕНИЕ ПИКАП-РОЛИКА ДЛЯ ПРИНТЕРА) НДС0.00";2026-05-28;Закупка внесена в подтверждённые желания и убрана из этого столбца;3902;3902;Договор разовый или накопительный поэтому 0;;3902;Товары;1. Техническое оснащение деятельности штаба;1. Техническое оснащение деятельности штаба;Ремонт техники;Прочие материальные затраты;Москва;;Россия;2;;;;;Нет;Нет;Да;Да;Да;Да;Да;уже заказали;3902;3902;ЭТО НЕ ЕЖЕМЕСЯЧНЫЙ ПЛАТЁЖ;Уже заказано;ЭТО РЕАЛЬНЫЕ РАСХОДЫ;3902;0;Товары;;289 от 28.05.2026;2026-05-28;5;;;;;;;300022;АВАНСОВЫЙ ОТЧЕТ 26 от 20.05.2026;АВАНСОВЫЙ ОТЧЕТ 26 ОТ 20.05.2026;;Услуги;
65;Комплекс мероприятий, направленных на подготовку добровольцев в сфере предупреждения и ликвидации чрезвычайных ситуаций и практическое применение полученных ими навыков;Разовый;42;1;Крепёж медалей и букеты;Крепёж медалей и букеты;СОЛОДИЛОВА ЕКАТЕРИНА ГЕННАДЬЕВНА;1;;12600;12600;True;12600;12600;12600;16600;772589801500;АВАНСОВЫЙ ОТЧЕТ 32;07.08.2026;509;"(711К0232001;0200032) СОГЛАШЕНИЕ 091-10-2026-008 ОТ 28.01.2026 АВАНСОВЫЙ ОТЧЕТ 32 ОТ 07.08.2026 ДРУГИЕ ВЫПЛАТЫ СВЯЗ. С ЗАКУПКОЙ УСЛУГ (УСЛУГИ ОРГАНИЗАЦИИ ПИТАНИЯ) ЧАСТ ОПЛАТА НДС0.00";2026-08-28;Закупка внесена в подтверждённые желания и убрана из этого столбца;12600;12600;Договор разовый или накопительный поэтому 0;;12600;Услуги;2. Организация мероприятий;6. Организация и проведения праздничных мероприятий к 25-летию ВСКС;Прочее;;;;Россия;;;;;;Нет;Нет;Да;Да;Да;Да;Да;уже заказали;12600;12600;ЭТО НЕ ЕЖЕМЕСЯЧНЫЙ ПЛАТЁЖ;Уже заказано;ЭТО РЕАЛЬНЫЕ РАСХОДЫ;12600;Услуги;0;;509 от 28.08.2026;2026-07-01;7;;;;;;;200032;АВАНСОВЫЙ ОТЧЕТ 32 от 07.08.2026;АВАНСОВЫЙ ОТЧЕТ 32 ОТ 07.08.2026;;Услуги;
66;Техническое оснащение деятельности штаба;Разовый;38;1;ОСАГО автомобиль IVECO;ОСАГО автомобиль IVECO;АО АЛЬФАСТРАХОВАНИЕ;1;;24318;24318;True;24318;24318;24318;24318;7713056834;СТРАХОВОЙ ПОЛИС ХХХ0651844746;21.05.2026;270;"(711К0232001;0200024) СОГЛАШЕНИЕ 091-10-2026-008 ОТ 28.01.2026 СТРАХОВОЙ ПОЛИС ХХХ0651844746 ОТ 21.05.2026, СЧЕТ ХХХ0651844746 ОТ 21.05.2026 УСЛУГИ ПО СТРАХ ИМУЩЕСТВА(ПРЕМИЯ ПО ПОЛИСУ) НДС0.00";2026-05-26;Закупка внесена в подтверждённые желания и убрана из этого столбца;24318;24318;Договор разовый или накопительный поэтому 0;;24318;Услуги;1. Техническое оснащение деятельности штаба;1. Техническое оснащение деятельности штаба;Приобретение ОСАГО для автомобилей;;Федеральное Мероприятие;Неконкурентная закупка;Россия;2;;;;;Нет;Нет;Да;Да;Да;Да;Да;уже заказали;24318;24318;ЭТО НЕ ЕЖЕМЕСЯЧНЫЙ ПЛАТЁЖ;Уже заказано;ЭТО РЕАЛЬНЫЕ РАСХОДЫ;24318;Услуги;0;;270 от 26.05.2026;21.05.2026;5;;;;;;;Платёж не проходил;СТРАХОВОЙ ПОЛИС ХХХ0651844746 от 21.05.2026;Нет данных;;Заполни;
67;Комплекс мероприятий, направленных на подготовку добровольцев в сфере предупреждения и ликвидации чрезвычайных ситуаций и практическое применение полученных ими навыков;Разовый;40;1;Услуги по изготовлению сувенирной продукции;"Изготовления медали ""25 лет ВСКС""";ИНДИВИДУАЛЬНЫЙ ПРЕДПРИНИМАТЕЛЬ ОРЕХОВА ЕЛЕНА НИКОЛАЕВНА;300;;1092;327600;True;1092;327600;327600;327600;331900627837;1003-ф;2026-03-13;Платёж не проходил;Не обнаружено;Платёж не проходил;Закупка внесена в подтверждённые желания и убрана из этого столбца;327600;327600;Договор разовый или накопительный поэтому 0;;327600;Услуги;2. Организация мероприятий;6. Организация и проведения праздничных мероприятий к 25-летию ВСКС;Прочее;;;;Россия;;;;;;Нет;Нет;Да;Да;Да;Да;Нет;уже заказали;327600;327600;ЭТО НЕ ЕЖЕМЕСЯЧНЫЙ ПЛАТЁЖ;Уже заказано;ЭТО РЕАЛЬНЫЕ РАСХОДЫ;ещё не платили;Услуги;0;;Платёж не проходил от Платёж не проходил;2026-07-01;9;;;;;;;Платёж не проходил;1003-ф от 46094;Нет данных;;Заполни;
68;Комплекс мероприятий, направленных на подготовку добровольцев в сфере предупреждения и ликвидации чрезвычайных ситуаций и практическое применение полученных ими навыков;Разовый;41;1;Оказание услуг по фото-видео;Оказание услуг по видеомонтажу и съёмке ролики с мероприятия в День памяти и скуорби, приуроченного ко дню начала ВОВ;ШМЕЛЕВ ДМИТРИЙ ВЛАДИМИРОВИЧ;1;;20000;20000;True;20000;20000;20000;20000;773178550348;ДОГОВОР 1906-01;19.06.2026;359;"(711К0232001;0200032) СОГЛАШЕНИЕ 091-10-2026-008 ОТ 28.01.2026 ДОГОВОР 1906-01 ОТ 19.06.2026, АКТ Б/Н ОТ 22.06.2026 ДР ВЫПЛ СВЯЗ С ЗАКУП УСЛУГ (ВИДЕОСЪЕМКА МЕРОПРИЯТИЯ) НДС0.00";2026-06-30;Закупка внесена в подтверждённые желания и убрана из этого столбца;20000;20000;Договор разовый или накопительный поэтому 0;;20000;Услуги;2. Организация мероприятий;4. Организация участия в выставках, форумах, конференциях, туристических слетах, чрезвычайных ситуациях и гуманитарных миссиях;Организация участия ВСКС в различных выставках, форумах, конференциях и подобных мероприятиях в форматах выставочных стендов, образовательных площадок и иных, в том числе в мероприятиях по ликвидации последствий чрезвычайных ситуаций и гуманитарных миссиях;Услуги по видеосъёмке;Федеральное Мероприятие;Неконкурентная закупка;Россия;3;;;;;Нет;Нет;Да;Да;Да;Да;Да;уже заказали;20000;20000;ЭТО НЕ ЕЖЕМЕСЯЧНЫЙ ПЛАТЁЖ;Уже заказано;ЭТО РЕАЛЬНЫЕ РАСХОДЫ;20000;Услуги;0;;359 от 30.06.2026;2026-06-01;6;;;;;;;200032;ДОГОВОР 1906-01 от 19.06.2026;АКТ Б/Н ОТ 22.06.2026;;Услуги;
69;Техническое оснащение деятельности штаба;Разовый;44;1;Приобретение аккумулятора;Приобретение аккумулятора;ЛЮБАРЕЦ ЕВГЕНИЯ ДМИТРИЕВНА;1;;10437;10437;True;10437;10437;10437;131817;772993378875;АВАНСОВЫЙ ОТЧЕТ 33;07.08.2026;503;"(711К0232001;0300022) СОГЛАШЕНИЕ 091-10-2026-008 ОТ 28.01.2026 АВАНСОВЫЙ ОТЧЕТ 33 ОТ 07.08.2026 ПРОЧИЕ МАТЕРИАЛЬНЫЕ ЗАТРАТЫ (КОМПЕНСАЦИЯ ЗА ПРИОБРЕТЕНИЕ АККУМУЛЯТОРА, КАБЕЛЬ) НДС0.00";2026-08-28;Закупка внесена в подтверждённые желания и убрана из этого столбца;10437;10437;Договор разовый или накопительный поэтому 0;;10437;Товары;1. Техническое оснащение деятельности штаба;1. Техническое оснащение деятельности штаба;Ремонт техники;Прочие материальные затраты;Москва;;Россия;2;;;;;Нет;Нет;Да;Да;Да;Да;Да;уже заказали;10437;10437;ЭТО НЕ ЕЖЕМЕСЯЧНЫЙ ПЛАТЁЖ;Уже заказано;ЭТО РЕАЛЬНЫЕ РАСХОДЫ;10437;0;Товары;;503 от 28.08.2026;07.08.2026;8;;;;;;;300022;АВАНСОВЫЙ ОТЧЕТ 33 от 07.08.2026;АВАНСОВЫЙ ОТЧЕТ 33 ОТ 07.08.2026;;Услуги;
70;Техническое оснащение деятельности штаба;Разовый;90;1;Доставка сборка заказа;Доставка сборка заказа;ЛЮБАРЕЦ ЕВГЕНИЯ ДМИТРИЕВНА;1;;250;250;True;250;250;250;250;772993378875;АВАНСОВЫЙ ОТЧЕТ 33;07.08.2026;504;"(711К0232001;0200032) СОГЛАШЕНИЕ 091-10-2026-008 ОТ 28.01.2026 АВАНСОВЫЙ ОТЧЕТ 33 ОТ 07.08.2026 ДРУГИЕ АНАЛОГ ВЫПЛАТЫ, СВЯЗАННЫЕ С ЗАКУПКОЙ УСЛУГ (ОБРАБОТКА ЗАКАЗА) НДС0.00";2026-08-28;Закупка внесена в подтверждённые желания и убрана из этого столбца;250;250;Договор разовый или накопительный поэтому 0;;250;Услуги;1. Техническое оснащение деятельности штаба;1. Техническое оснащение деятельности штаба;Ремонт техники;Прочие материальные затраты;Москва;;Россия;2;;;;;Нет;Нет;Да;Да;Да;Да;Да;уже заказали;250;250;ЭТО НЕ ЕЖЕМЕСЯЧНЫЙ ПЛАТЁЖ;Уже заказано;ЭТО РЕАЛЬНЫЕ РАСХОДЫ;250;Услуги;0;;504 от 28.08.2026;07.08.2026;8;;;;;;;200032;АВАНСОВЫЙ ОТЧЕТ 33 от 07.08.2026;АВАНСОВЫЙ ОТЧЕТ 33 ОТ 07.08.2026;;Услуги;
71;Комплекс мероприятий, направленных на подготовку добровольцев в сфере предупреждения и ликвидации чрезвычайных ситуаций и практическое применение полученных ими навыков;Разовый;71;1;Изготовление футболок;Изготовление футболок;ИНДИВИДУАЛЬНЫЙ ПРЕДПРИНИМАТЕЛЬ МЕЛЬНИЧУК ВЯЧЕСЛАВ ГЕОРГИЕВИЧ;1;;341565;341565;True;341565;341565;341565;341565;772500056263;ДОГОВОР 04/06/3;04.06.2026;418;"(711К0232001;0200032) СОГЛАШЕНИЕ 091-10-2026-008 ОТ 28.01.2026 ДОГОВОР 04/06/3 ОТ 04.06.2026, УПД 59 ОТ 09.07.2026 ДР.АНАЛОГ. ВЫПЛ., СВЯЗАН. С ЗАКУПКОЙ УСЛУГ (ИЗГОТОВЛЕНИЕ ФУТБОЛКИ C НАНЕСЕНИЕМ) НДС16265.00";2026-07-22;Закупка внесена в подтверждённые желания и убрана из этого столбца;341565;341565;Договор разовый или накопительный поэтому 0;;341565;Услуги;2. Организация мероприятий;3. Закупка комплекта форменной одежды для проведения торжественных мероприятий, направленных на гражданско-патриотическое воспитание молодого поколения, проведение занятий с различными категориями граждан, участие в ликвидации чрезвычайных ситуаций и их последствий, гуманитарных миссий и прочих;Футболка;Прочие материальные затраты;Москва;;Россия;2;;;;;Нет;Нет;Да;Да;Да;Да;Да;уже заказали;341565;341565;ЭТО НЕ ЕЖЕМЕСЯЧНЫЙ ПЛАТЁЖ;Уже заказано;ЭТО РЕАЛЬНЫЕ РАСХОДЫ;341565;Услуги;0;;418 от 22.07.2026;2026-07-01;7;;;;;;;200032;ДОГОВОР 04/06/3 от 04.06.2026;УПД 59 ОТ 09.07.2026;;Услуги;
72;Комплекс мероприятий, направленных на подготовку добровольцев в сфере предупреждения и ликвидации чрезвычайных ситуаций и практическое применение полученных ими навыков;Разовый;44;1;Перевозку оборудования на мероприятии посвящённую 1 июня;Перевозку оборудования на мероприятии посвящённую 1 июня;"ООО ""ТРАНЗИТ-М""";1;;121380;121380;True;121380;121380;121380;131817;7734385082;ДОГОВОР 26/05/1;26.05.2026;393;"(711К0232001;0200006) СОГЛАШЕНИЕ 091-10-2026-008 ОТ 28.01.2026 ДОГОВОР 26/05/1 ОТ 26.05.2026, УПД 15 ОТ 02.06.2026 ПЛАТА ЗА ПЕРЕВОЗКУ (ДОСТАВКУ) ГРУЗОВ ПО ДОГОВОРАМ ПЕРЕВОЗКИ НДС0.00";2026-07-20;Закупка внесена в подтверждённые желания и убрана из этого столбца;121380;121380;Договор разовый или накопительный поэтому 0;;121380;Услуги;2. Организация мероприятий;4. Организация участия в выставках, форумах, конференциях, туристических слетах, чрезвычайных ситуациях и гуманитарных миссиях;Услуги по доставке;Прочие материальные затраты;Москва;;Россия;2;;;;;Нет;Нет;Да;Да;Да;Да;Да;уже заказали;121380;121380;ЭТО НЕ ЕЖЕМЕСЯЧНЫЙ ПЛАТЁЖ;Уже заказано;ЭТО РЕАЛЬНЫЕ РАСХОДЫ;121380;Услуги;0;;393 от 20.07.2026;2026-07-20;7;;;;;;;200006;ДОГОВОР 26/05/1 от 26.05.2026;УПД 15 ОТ 02.06.2026;;Услуги;
73;Комплекс мероприятий, направленных на гражданско-патриотическое воспитание детей и молодежи;Рамочный накопительный;21;131;Приобретение билетов и бронирование гостиниц;Приобретение билетов и бронирование гостиниц;Запланировано на основании ежемесячных потребностей;1;;50000;50000;True;;0;0;648904.12;Не найден;Нет данных;Нет данных;Платёж не проходил;Не обнаружено;Платёж не проходил;Закупка внесена в подтверждённые желания и убрана из этого столбца;50000;0;Договор разовый или накопительный поэтому 0;;50000;Услуги;4. Оказание услуг по транспортировке и проживанию сотрудников и добровольцев;2.Оказание услуг по проживанию сотрудников и добровольцев ВСКС;Оказание услуг по проживанию сотрудников и добровольцев ВСКС;;;;Россия;;;;;;Нет;Нет;Нет;Да;Скорее всего поставка потребуется;Нет;Нет;50000;ещё не заказали;ещё не поставили;ЭТО НЕ ЕЖЕМЕСЯЧНЫЙ ПЛАТЁЖ;50000;ЭТО РЕАЛЬНЫЕ РАСХОДЫ;ещё не платили;Услуги;0;;Платёж не проходил от Платёж не проходил;2026-10-01;10;;;;;;;Платёж не проходил;Нет данных от Нет данных;Нет данных;;Заполни;
74;Комплекс мероприятий, направленных на гражданско-патриотическое воспитание детей и молодежи;Рамочный накопительный;21;132;Приобретение билетов и бронирование гостиниц;Приобретение билетов и бронирование гостиниц;Запланировано на основании ежемесячных потребностей;1;;50000;50000;True;;0;0;648904.12;Не найден;Нет данных;Нет данных;Платёж не проходил;Не обнаружено;Платёж не проходил;Закупка внесена в подтверждённые желания и убрана из этого столбца;50000;0;Договор разовый или накопительный поэтому 0;;50000;Услуги;4. Оказание услуг по транспортировке и проживанию сотрудников и добровольцев;1. Оказание услуг по транспортировке сотрудников и добровольцев ВСКС;Оказание услуг по транспортировке сотрудников и добровольцев ВСКС;;;;Россия;;;;;;Нет;Нет;Нет;Да;Скорее всего поставка потребуется;Нет;Нет;50000;ещё не заказали;ещё не поставили;ЭТО НЕ ЕЖЕМЕСЯЧНЫЙ ПЛАТЁЖ;50000;ЭТО РЕАЛЬНЫЕ РАСХОДЫ;ещё не платили;Услуги;0;;Платёж не проходил от Платёж не проходил;2026-10-01;10;;;;;;;Платёж не проходил;Нет данных от Нет данных;Нет данных;;Заполни;
75;Комплекс мероприятий, направленных на гражданско-патриотическое воспитание детей и молодежи;Рамочный накопительный;21;133;Приобретение билетов и бронирование гостиниц;Приобретение билетов и бронирование гостиниц;Запланировано на основании ежемесячных потребностей;1;;50000;50000;True;;0;0;648904.12;Не найден;Нет данных;Нет данных;Платёж не проходил;Не обнаружено;Платёж не проходил;Закупка внесена в подтверждённые желания и убрана из этого столбца;50000;0;Договор разовый или накопительный поэтому 0;;50000;Услуги;4. Оказание услуг по транспортировке и проживанию сотрудников и добровольцев;2.Оказание услуг по проживанию сотрудников и добровольцев ВСКС;Оказание услуг по проживанию сотрудников и добровольцев ВСКС;;;;Россия;;;;;;Нет;Нет;Нет;Да;Скорее всего поставка потребуется;Нет;Нет;50000;ещё не заказали;ещё не поставили;ЭТО НЕ ЕЖЕМЕСЯЧНЫЙ ПЛАТЁЖ;50000;ЭТО РЕАЛЬНЫЕ РАСХОДЫ;ещё не платили;Услуги;0;;Платёж не проходил от Платёж не проходил;2026-11-01;11;;;;;;;Платёж не проходил;Нет данных от Нет данных;Нет данных;;Заполни;
76;Комплекс мероприятий, направленных на гражданско-патриотическое воспитание детей и молодежи;Рамочный накопительный;21;134;Приобретение билетов и бронирование гостиниц;Приобретение билетов и бронирование гостиниц;Запланировано на основании ежемесячных потребностей;1;;50000;50000;True;;0;0;648904.12;Не найден;Нет данных;Нет данных;Платёж не проходил;Не обнаружено;Платёж не проходил;Закупка внесена в подтверждённые желания и убрана из этого столбца;50000;0;Договор разовый или накопительный поэтому 0;;50000;Услуги;4. Оказание услуг по транспортировке и проживанию сотрудников и добровольцев;1. Оказание услуг по транспортировке сотрудников и добровольцев ВСКС;Оказание услуг по транспортировке сотрудников и добровольцев ВСКС;;;;Россия;;;;;;Нет;Нет;Нет;Да;Скорее всего поставка потребуется;Нет;Нет;50000;ещё не заказали;ещё не поставили;ЭТО НЕ ЕЖЕМЕСЯЧНЫЙ ПЛАТЁЖ;50000;ЭТО РЕАЛЬНЫЕ РАСХОДЫ;ещё не платили;Услуги;0;;Платёж не проходил от Платёж не проходил;2026-11-01;11;;;;;;;Платёж не проходил;Нет данных от Нет данных;Нет данных;;Заполни;
77;Комплекс мероприятий, направленных на гражданско-патриотическое воспитание детей и молодежи;Рамочный накопительный;21;135;Приобретение билетов и бронирование гостиниц;Приобретение билетов и бронирование гостиниц;Запланировано на основании ежемесячных потребностей;1;;50000;50000;True;;0;0;648904.12;Не найден;Нет данных;Нет данных;Платёж не проходил;Не обнаружено;Платёж не проходил;Закупка внесена в подтверждённые желания и убрана из этого столбца;50000;0;Договор разовый или накопительный поэтому 0;;50000;Услуги;4. Оказание услуг по транспортировке и проживанию сотрудников и добровольцев;2.Оказание услуг по проживанию сотрудников и добровольцев ВСКС;Оказание услуг по проживанию сотрудников и добровольцев ВСКС;;;;Россия;;;;;;Нет;Нет;Нет;Да;Скорее всего поставка потребуется;Нет;Нет;50000;ещё не заказали;ещё не поставили;ЭТО НЕ ЕЖЕМЕСЯЧНЫЙ ПЛАТЁЖ;50000;ЭТО РЕАЛЬНЫЕ РАСХОДЫ;ещё не платили;Услуги;0;;Платёж не проходил от Платёж не проходил;2026-12-01;12;;;;;;;Платёж не проходил;Нет данных от Нет данных;Нет данных;;Заполни;
78;Комплекс мероприятий, направленных на гражданско-патриотическое воспитание детей и молодежи;Рамочный накопительный;21;136;Приобретение билетов и бронирование гостиниц;Приобретение билетов и бронирование гостиниц;Запланировано на основании ежемесячных потребностей;1;;50000;50000;True;;0;0;648904.12;Не найден;Нет данных;Нет данных;Платёж не проходил;Не обнаружено;Платёж не проходил;Закупка внесена в подтверждённые желания и убрана из этого столбца;50000;0;Договор разовый или накопительный поэтому 0;;50000;Услуги;4. Оказание услуг по транспортировке и проживанию сотрудников и добровольцев;1. Оказание услуг по транспортировке сотрудников и добровольцев ВСКС;Оказание услуг по транспортировке сотрудников и добровольцев ВСКС;;;;Россия;;;;;;Нет;Нет;Нет;Да;Скорее всего поставка потребуется;Нет;Нет;50000;ещё не заказали;ещё не поставили;ЭТО НЕ ЕЖЕМЕСЯЧНЫЙ ПЛАТЁЖ;50000;ЭТО РЕАЛЬНЫЕ РАСХОДЫ;ещё не платили;Услуги;0;;Платёж не проходил от Платёж не проходил;2026-12-01;12;;;;;;;Платёж не проходил;Нет данных от Нет данных;Нет данных;;Заполни;
79;Комплекс мероприятий, направленных на подготовку добровольцев в сфере предупреждения и ликвидации чрезвычайных ситуаций и практическое применение полученных ими навыков;Разовый;50;1;Прочие мат.затраты для участия в выставках;Прочие мат.затраты;;1;;100000;100000;True;;0;0;0;Не найден;Нет данных;Нет данных;Платёж не проходил;Не обнаружено;Платёж не проходил;Закупка внесена в подтверждённые желания и убрана из этого столбца;100000;;Договор разовый или накопительный поэтому 0;;100000;Товары;2. Организация мероприятий;4. Организация участия в выставках, форумах, конференциях, туристических слетах, чрезвычайных ситуациях и гуманитарных миссиях;Прочее;;;Неконкурентная закупка;Россия;;;;;;Нет;Нет;Нет;Нет;Непредвиденные расходы;Нет;Нет;100000;ещё не заказали;ещё не поставили;ЭТО НЕ ЕЖЕМЕСЯЧНЫЙ ПЛАТЁЖ;ЭТО ВЫДУМАННЫЕ РАСХОДЫ ИЛИ ЕЖЕМЕСЯЧНЫЕ ПЛАТЕЖИ;100000;ещё не платили;0;Товары;;Платёж не проходил от Платёж не проходил;2026-11-01;11;;;;;;;Платёж не проходил;Нет данных от Нет данных;Нет данных;;Заполни;
80;Комплекс мероприятий, направленных на подготовку добровольцев в сфере предупреждения и ликвидации чрезвычайных ситуаций и практическое применение полученных ими навыков;Разовый;51;1;Прочие мат.затраты для участия в выставках;Прочие мат.затраты;;1;;100000;100000;True;;0;0;0;Не найден;Нет данных;Нет данных;Платёж не проходил;Не обнаружено;Платёж не проходил;Закупка внесена в подтверждённые желания и убрана из этого столбца;100000;;Договор разовый или накопительный поэтому 0;;100000;Товары;2. Организация мероприятий;4. Организация участия в выставках, форумах, конференциях, туристических слетах, чрезвычайных ситуациях и гуманитарных миссиях;Прочее;;;Неконкурентная закупка;Россия;;;;;;Нет;Нет;Нет;Нет;Непредвиденные расходы;Нет;Нет;100000;ещё не заказали;ещё не поставили;ЭТО НЕ ЕЖЕМЕСЯЧНЫЙ ПЛАТЁЖ;ЭТО ВЫДУМАННЫЕ РАСХОДЫ ИЛИ ЕЖЕМЕСЯЧНЫЕ ПЛАТЕЖИ;100000;ещё не платили;0;Товары;;Платёж не проходил от Платёж не проходил;2026-12-01;12;;;;;;;Платёж не проходил;Нет данных от Нет данных;Нет данных;;Заполни;
81;Техническое оснащение деятельности штаба;Разовый;56;1;Прочие мат.затраты для организации работы штаба;Прочие мат.затраты;;1;;100000;100000;True;;0;0;0;Не найден;Нет данных;Нет данных;Платёж не проходил;Не обнаружено;Платёж не проходил;Закупка внесена в подтверждённые желания и убрана из этого столбца;100000;;Договор разовый или накопительный поэтому 0;;100000;Товары;1. Техническое оснащение деятельности штаба;1. Техническое оснащение деятельности штаба;Прочее;;;Неконкурентная закупка;Россия;;;;;;Нет;Нет;Нет;Нет;Непредвиденные расходы;Нет;Нет;100000;ещё не заказали;ещё не поставили;ЭТО НЕ ЕЖЕМЕСЯЧНЫЙ ПЛАТЁЖ;ЭТО ВЫДУМАННЫЕ РАСХОДЫ ИЛИ ЕЖЕМЕСЯЧНЫЕ ПЛАТЕЖИ;100000;ещё не платили;0;Товары;;Платёж не проходил от Платёж не проходил;2026-11-01;11;;;;;;;Платёж не проходил;Нет данных от Нет данных;Нет данных;;Заполни;
82;Техническое оснащение деятельности штаба;Разовый;57;1;Прочие мат.затраты для организации работы штаба;Прочие мат.затраты;;1;;100000;169355.79;True;;0;0;0;Не найден;Нет данных;Нет данных;Платёж не проходил;Не обнаружено;Платёж не проходил;Закупка внесена в подтверждённые желания и убрана из этого столбца;169355.79;;Договор разовый или накопительный поэтому 0;;169355.79;Товары;1. Техническое оснащение деятельности штаба;1. Техническое оснащение деятельности штаба;Прочее;;;Неконкурентная закупка;Россия;;;;;;Нет;Нет;Нет;Нет;Непредвиденные расходы;Нет;Нет;169355.79;ещё не заказали;ещё не поставили;ЭТО НЕ ЕЖЕМЕСЯЧНЫЙ ПЛАТЁЖ;ЭТО ВЫДУМАННЫЕ РАСХОДЫ ИЛИ ЕЖЕМЕСЯЧНЫЕ ПЛАТЕЖИ;169355.79;ещё не платили;0;Товары;;Платёж не проходил от Платёж не проходил;2026-12-01;12;;;;;;;Платёж не проходил;Нет данных от Нет данных;Нет данных;;Заполни;
83;Техническое оснащение деятельности штаба;Разовый;62;1;Прочие мат.затраты для организации работы штаба;Прочие мат.затраты;;1;;200000;200000;True;;0;0;0;Не найден;Нет данных;Нет данных;Платёж не проходил;Не обнаружено;Платёж не проходил;Закупка внесена в подтверждённые желания и убрана из этого столбца;200000;;Договор разовый или накопительный поэтому 0;;200000;Услуги;1. Техническое оснащение деятельности штаба;1. Техническое оснащение деятельности штаба;Прочее;;;Неконкурентная закупка;Россия;;;;;;Нет;Нет;Нет;Нет;Непредвиденные расходы;Нет;Нет;200000;ещё не заказали;ещё не поставили;ЭТО НЕ ЕЖЕМЕСЯЧНЫЙ ПЛАТЁЖ;ЭТО ВЫДУМАННЫЕ РАСХОДЫ ИЛИ ЕЖЕМЕСЯЧНЫЕ ПЛАТЕЖИ;200000;ещё не платили;Услуги;0;;Платёж не проходил от Платёж не проходил;2026-11-01;11;;;;;;;Платёж не проходил;Нет данных от Нет данных;Нет данных;;Заполни;
84;Техническое оснащение деятельности штаба;Разовый;63;1;Прочие мат.затраты для организации работы штаба;Прочие мат.затраты;;1;;150000;150000;True;;0;0;0;Не найден;Нет данных;Нет данных;Платёж не проходил;Не обнаружено;Платёж не проходил;Закупка внесена в подтверждённые желания и убрана из этого столбца;150000;;Договор разовый или накопительный поэтому 0;;150000;Услуги;1. Техническое оснащение деятельности штаба;1. Техническое оснащение деятельности штаба;Прочее;;;Неконкурентная закупка;Россия;;;;;;Нет;Нет;Нет;Нет;Непредвиденные расходы;Нет;Нет;150000;ещё не заказали;ещё не поставили;ЭТО НЕ ЕЖЕМЕСЯЧНЫЙ ПЛАТЁЖ;ЭТО ВЫДУМАННЫЕ РАСХОДЫ ИЛИ ЕЖЕМЕСЯЧНЫЕ ПЛАТЕЖИ;150000;ещё не платили;Услуги;0;;Платёж не проходил от Платёж не проходил;2026-12-01;12;;;;;;;Платёж не проходил;Нет данных от Нет данных;Нет данных;;Заполни;
85;Комплекс мероприятий, направленных на подготовку добровольцев в сфере предупреждения и ликвидации чрезвычайных ситуаций и практическое применение полученных ими навыков;Разовый;68;1;Прочие мат.затраты для участия в выставках;Прочие мат.затраты;;1;;100000;100000;True;;0;0;0;Не найден;Нет данных;Нет данных;Платёж не проходил;Не обнаружено;Платёж не проходил;Закупка внесена в подтверждённые желания и убрана из этого столбца;100000;;Договор разовый или накопительный поэтому 0;;100000;Услуги;2. Организация мероприятий;4. Организация участия в выставках, форумах, конференциях, туристических слетах, чрезвычайных ситуациях и гуманитарных миссиях;Прочее;;;Неконкурентная закупка;Россия;;;;;;Нет;Нет;Нет;Нет;Непредвиденные расходы;Нет;Нет;100000;ещё не заказали;ещё не поставили;ЭТО НЕ ЕЖЕМЕСЯЧНЫЙ ПЛАТЁЖ;ЭТО ВЫДУМАННЫЕ РАСХОДЫ ИЛИ ЕЖЕМЕСЯЧНЫЕ ПЛАТЕЖИ;100000;ещё не платили;Услуги;0;;Платёж не проходил от Платёж не проходил;2026-11-01;11;;;;;;;Платёж не проходил;Нет данных от Нет данных;Нет данных;;Заполни;
86;Комплекс мероприятий, направленных на подготовку добровольцев в сфере предупреждения и ликвидации чрезвычайных ситуаций и практическое применение полученных ими навыков;Разовый;69;1;Прочие мат.затраты для участия в выставках;Прочие мат.затраты;;1;;100000;100000;True;;0;0;0;Не найден;Нет данных;Нет данных;Платёж не проходил;Не обнаружено;Платёж не проходил;Закупка внесена в подтверждённые желания и убрана из этого столбца;100000;;Договор разовый или накопительный поэтому 0;;100000;Услуги;2. Организация мероприятий;4. Организация участия в выставках, форумах, конференциях, туристических слетах, чрезвычайных ситуациях и гуманитарных миссиях;Прочее;;;Неконкурентная закупка;Россия;;;;;;Нет;Нет;Нет;Нет;Непредвиденные расходы;Нет;Нет;100000;ещё не заказали;ещё не поставили;ЭТО НЕ ЕЖЕМЕСЯЧНЫЙ ПЛАТЁЖ;ЭТО ВЫДУМАННЫЕ РАСХОДЫ ИЛИ ЕЖЕМЕСЯЧНЫЕ ПЛАТЕЖИ;100000;ещё не платили;Услуги;0;;Платёж не проходил от Платёж не проходил;2026-12-01;12;;;;;;;Платёж не проходил;Нет данных от Нет данных;Нет данных;;Заполни;
87;Техническое оснащение деятельности штаба;Рамочный накопительный;123;230;ПРИОБРЕТЕНИЕ ЗИМНИХ ШИНЫ YOKOHAMA ДЛЯ СЛУЖЕБНОГО ТС;ПРИОБРЕТЕНИЕ ЗИМНИХ ШИНЫ YOKOHAMA ДЛЯ СЛУЖЕБНОГО ТС;;1;;100000;100000;True;100000;100000;100000;0;Не найден;Нет данных;Нет данных;Платёж не проходил;Не обнаружено;Платёж не проходил;Закупка внесена в подтверждённые желания и убрана из этого столбца;100000;100000;Договор разовый или накопительный поэтому 0;;100000;Товары;1. Техническое оснащение деятельности штаба;1. Техническое оснащение деятельности штаба;Ремонт техники;;;;Россия;;;;;;Нет;Нет;Нет;Да;Скорее всего поставка потребуется;Нет;Нет;100000;ещё не заказали;ещё не поставили;ЭТО НЕ ЕЖЕМЕСЯЧНЫЙ ПЛАТЁЖ;100000;ЭТО РЕАЛЬНЫЕ РАСХОДЫ;ещё не платили;0;Товары;;Платёж не проходил от Платёж не проходил;;12;;;;;;;Платёж не проходил;Нет данных от Нет данных;Нет данных;;Заполни;
88;Техническое оснащение деятельности штаба;Рамочный накопительный;3;5;ТЕХНИЧЕСКОЕ ОБСЛУЖИВАНИЕ И РЕМОНТ АВТОМОБИЛЯ;Ремонт автомобиля Delica D5 М390КВ977 (АКБ. Снять и установить);"ОБЩЕСТВО С ОГРАНИЧЕННОЙ ОТВЕТСТВЕННОСТЬЮ ""ЦЕНТРАВТО""";1;;1187.5;1187.5;True;1187.5;1187.5;89360.02;505859.86;9721083909;РЕЕСТР ДОК.-ОСН. 548;10.09.2026;548;"(711К0232001;0200014) СОГЛАШЕНИЕ 091-10-2026-008 ОТ 28.01.2026 РЕЕСТР ДОК.-ОСН. 548 ОТ 10.09.2026 РЕМОНТ (ТЕХНИЧЕСКОЕ ОБСЛУЖИВАНИЕ И РЕМОНТ АВТОМОБИЛЯ) НДС4255.30";2026-09-10;Закупка внесена в подтверждённые желания и убрана из этого столбца;1187.5;1187.5;Договор разовый или накопительный поэтому 0;;1187.5;Услуги;1. Техническое оснащение деятельности штаба;1. Техническое оснащение деятельности штаба;Ремонт техники;;;;Россия;;;;;;Нет;Нет;Да;Да;Да;Да;Да;уже заказали;1187.5;1187.5;ЭТО НЕ ЕЖЕМЕСЯЧНЫЙ ПЛАТЁЖ;Уже заказано;ЭТО РЕАЛЬНЫЕ РАСХОДЫ;1187.5;Услуги;0;;548 от 10.09.2026;10.09.2026;9;;;;;;;200014;РЕЕСТР ДОК.-ОСН. 548 от 10.09.2026;РЕЕСТР ДОК.-ОСН. 548 ОТ 10.09.2026;;Услуги;
89;Техническое оснащение деятельности штаба;Рамочный накопительный;3;5;ТЕХНИЧЕСКОЕ ОБСЛУЖИВАНИЕ И РЕМОНТ АВТОМОБИЛЯ;Ремонт автомобиля Delica D5 М390КВ977 (2074 28 Комплект расходных материалов);"ОБЩЕСТВО С ОГРАНИЧЕННОЙ ОТВЕТСТВЕННОСТЬЮ ""ЦЕНТРАВТО""";1;;392.5;392.5;True;392.5;392.5;89360.02;505859.86;9721083909;РЕЕСТР ДОК.-ОСН. 548;10.09.2026;548;"(711К0232001;0200014) СОГЛАШЕНИЕ 091-10-2026-008 ОТ 28.01.2026 РЕЕСТР ДОК.-ОСН. 548 ОТ 10.09.2026 РЕМОНТ (ТЕХНИЧЕСКОЕ ОБСЛУЖИВАНИЕ И РЕМОНТ АВТОМОБИЛЯ) НДС4255.30";2026-09-10;Закупка внесена в подтверждённые желания и убрана из этого столбца;392.5;392.5;Договор разовый или накопительный поэтому 0;;392.5;Товары;1. Техническое оснащение деятельности штаба;1. Техническое оснащение деятельности штаба;Ремонт техники;;;;Россия;;;;;;Нет;Нет;Да;Да;Да;Да;Да;уже заказали;392.5;392.5;ЭТО НЕ ЕЖЕМЕСЯЧНЫЙ ПЛАТЁЖ;Уже заказано;ЭТО РЕАЛЬНЫЕ РАСХОДЫ;392.5;0;Товары;;548 от 10.09.2026;10.09.2026;9;;;;;;;200014;РЕЕСТР ДОК.-ОСН. 548 от 10.09.2026;РЕЕСТР ДОК.-ОСН. 548 ОТ 10.09.2026;;Услуги;
90;Техническое оснащение деятельности штаба;Рамочный накопительный;3;5;ТЕХНИЧЕСКОЕ ОБСЛУЖИВАНИЕ И РЕМОНТ АВТОМОБИЛЯ;Ремонт автомобиля Delica D5 М390КВ977 (Аккумулятор OURSUN JIS MF 105D31L);"ОБЩЕСТВО С ОГРАНИЧЕННОЙ ОТВЕТСТВЕННОСТЬЮ ""ЦЕНТРАВТО""";1;;28260;28260;True;28260;28260;89360.02;505859.86;9721083909;РЕЕСТР ДОК.-ОСН. 548;10.09.2026;548;"(711К0232001;0200014) СОГЛАШЕНИЕ 091-10-2026-008 ОТ 28.01.2026 РЕЕСТР ДОК.-ОСН. 548 ОТ 10.09.2026 РЕМОНТ (ТЕХНИЧЕСКОЕ ОБСЛУЖИВАНИЕ И РЕМОНТ АВТОМОБИЛЯ) НДС4255.30";2026-09-10;Закупка внесена в подтверждённые желания и убрана из этого столбца;28260;28260;Договор разовый или накопительный поэтому 0;;28260;Товары;1. Техническое оснащение деятельности штаба;1. Техническое оснащение деятельности штаба;Ремонт техники;;;;Россия;;;;;;Нет;Нет;Да;Да;Да;Да;Да;уже заказали;28260;28260;ЭТО НЕ ЕЖЕМЕСЯЧНЫЙ ПЛАТЁЖ;Уже заказано;ЭТО РЕАЛЬНЫЕ РАСХОДЫ;28260;0;Товары;;548 от 10.09.2026;10.09.2026;9;;;;;;;200014;РЕЕСТР ДОК.-ОСН. 548 от 10.09.2026;РЕЕСТР ДОК.-ОСН. 548 ОТ 10.09.2026;;Услуги;
91;Техническое оснащение деятельности штаба;Рамочный накопительный;121;231;Плановые ТО автомобиля;Плановые ТО автомобиля;Запланировано на основании заявок;1;;230000;230000;True;230000;230000;230000;0;Не найден;Нет данных;Нет данных;Платёж не проходил;Не обнаружено;Платёж не проходил;Закупка внесена в подтверждённые желания и убрана из этого столбца;230000;230000;Договор разовый или накопительный поэтому 0;;230000;Услуги;1. Техническое оснащение деятельности штаба;1. Техническое оснащение деятельности штаба;Ремонт техники;;;;Россия;;;;;;Нет;Нет;Нет;Да;Скорее всего поставка потребуется;Нет;Нет;230000;ещё не заказали;ещё не поставили;ЭТО НЕ ЕЖЕМЕСЯЧНЫЙ ПЛАТЁЖ;230000;ЭТО РЕАЛЬНЫЕ РАСХОДЫ;ещё не платили;Услуги;0;;Платёж не проходил от Платёж не проходил;Нет данных;11;;;;;;;Платёж не проходил;Нет данных от Нет данных;Нет данных;;Заполни;
92;Техническое оснащение деятельности штаба;Рамочный накопительный;120;232;Приобретение экспидиционного багажника;Приобретение экспидиционного багажника;ИНДИВИДУАЛЬНЫЙ ПРЕДПРИНИМАТЕЛЬ СОБОЛЕВ ДМИТРИЙ АЛЕКСЕЕВИЧ;1;;180000;180000;True;180000;180000;180000;0;621102708058;Нет данных;Нет данных;Платёж не проходил;Не обнаружено;Платёж не проходил;Закупка внесена в подтверждённые желания и убрана из этого столбца;180000;180000;Договор разовый или накопительный поэтому 0;;180000;Товары;1. Техническое оснащение деятельности штаба;1. Техническое оснащение деятельности штаба;Ремонт техники;;;;Россия;;;;;;Нет;Нет;Нет;Да;Да;Нет;Нет;уже заказали;180000;ещё не поставили;ЭТО НЕ ЕЖЕМЕСЯЧНЫЙ ПЛАТЁЖ;Уже заказано;ЭТО РЕАЛЬНЫЕ РАСХОДЫ;ещё не платили;0;Товары;;Платёж не проходил от Платёж не проходил;Нет данных;10;;;;;;;Платёж не проходил;Нет данных от Нет данных;Нет данных;;Заполни;
93;Техническое оснащение деятельности штаба;Рамочный накопительный;122;236;Установка экспидиционного багажника;Установка экспидиционного багажника;Запланировано на основании заявок;1;;106000;106000;True;106000;106000;106000;0;Не найден;Нет данных;Нет данных;Платёж не проходил;Не обнаружено;Платёж не проходил;Закупка внесена в подтверждённые желания и убрана из этого столбца;106000;;Договор разовый или накопительный поэтому 0;;106000;Услуги;1. Техническое оснащение деятельности штаба;1. Техническое оснащение деятельности штаба;Ремонт техники;;;;Россия;;;;;;Нет;Нет;Нет;Нет;Скорее всего поставка потребуется;Нет;Нет;106000;ещё не заказали;ещё не поставили;ЭТО НЕ ЕЖЕМЕСЯЧНЫЙ ПЛАТЁЖ;106000;ЭТО РЕАЛЬНЫЕ РАСХОДЫ;ещё не платили;Услуги;0;;Платёж не проходил от Платёж не проходил;Нет данных;10;;;;;;;Платёж не проходил;Нет данных от Нет данных;Нет данных;;Заполни;
94;Техническое оснащение деятельности штаба;Рамочный накопительный;70;237;Ремонтные работы Haval Dargo9  H880TR977;Ремонтные работы Haval Dargo9  H880TR977;"ООО ""ИНПЛЕЙС ГРУПП""";1;;144525;144525;True;144525;144525;144525;194700;7727473147;СЧЕТ 105;24.06.2026;412;"(711К0232001;0200014) СОГЛАШЕНИЕ 091-10-2026-008 ОТ 28.01.2026 СЧЕТ 105 ОТ 24.06.2026, УПД 647 ОТ 04.06.2026 РЕМОНТ (ТЕХНИЧЕСКОЕ ОБСЛУЖИВАНИЕ И РЕМОНТ АВТОМОБИЛЯ) НДС6882.15";2026-07-22;Закупка внесена в подтверждённые желания и убрана из этого столбца;144525;144525;Договор разовый или накопительный поэтому 0;;144525;Услуги;1. Техническое оснащение деятельности штаба;1. Техническое оснащение деятельности штаба;Ремонт техники;;Москва;Неконкурентная закупка;Россия;3;;;;;Нет;Нет;Да;Да;Да;Да;Да;уже заказали;144525;144525;ЭТО НЕ ЕЖЕМЕСЯЧНЫЙ ПЛАТЁЖ;Уже заказано;ЭТО РЕАЛЬНЫЕ РАСХОДЫ;144525;Услуги;0;;412 от 22.07.2026;2026-07-22;7;;;;;;;200014;СЧЕТ 105 от 24.06.2026;УПД 647 ОТ 04.06.2026;;Услуги;
95;Техническое оснащение деятельности штаба;Рамочный накопительный;70;238;Плановое ТО автомобиля Donfeng;Плановое ТО автомобиля Donfeng;"ООО ""ИНПЛЕЙС ГРУПП""";1;;50175;50175;True;50175;50175;50175;194700;7727473147;СЧЕТ 101;27.05.2026;413;"(711К0232001;0200014) СОГЛАШЕНИЕ 091-10-2026-008 ОТ 28.01.2026 СЧЕТ 101 ОТ 27.05.2026, УПД 487 ОТ 27.05.2026 РЕМОНТ (ТЕХНИЧЕСКОЕ ОБСЛУЖИВАНИЕ И РЕМОНТ АВТОМОБИЛЯ) НДС2389.29";2026-07-22;Закупка внесена в подтверждённые желания и убрана из этого столбца;50175;50175;Договор разовый или накопительный поэтому 0;;50175;Услуги;1. Техническое оснащение деятельности штаба;1. Техническое оснащение деятельности штаба;Ремонт техники;;Москва;Неконкурентная закупка;Россия;3;;;;;Нет;Нет;Да;Да;Да;Да;Да;уже заказали;50175;50175;ЭТО НЕ ЕЖЕМЕСЯЧНЫЙ ПЛАТЁЖ;Уже заказано;ЭТО РЕАЛЬНЫЕ РАСХОДЫ;50175;Услуги;0;;413 от 22.07.2026;2026-07-22;7;;;;;;;200014;СЧЕТ 101 от 27.05.2026;УПД 487 ОТ 27.05.2026;;Услуги;
96;Техническое оснащение деятельности штаба;Разовый;72;1;Страховака автомобиля Делика Т275ЕН977;ПРЕМИЯ ПО ПОЛИСУ № CL562653284;"СПАО ""ИНГОССТРАХ""";1;;11254.44;11254.44;True;11254.44;11254.44;11254.44;11254.44;7705042179;ДОГОВОР CL562653284;22.07.2026;424;"(711К0232001;0200024) СОГЛАШЕНИЕ 091-10-2026-008 ОТ 28.01.2026 ДОГОВОР CL562653284 ОТ 22.07.2026, СЧЕТ 35-11753-1014973/26 ОТ 22.07.2026 УСЛУГИ ПО СТРАХ ИМУЩЕСТВА(ПРЕМИЯ ПО ПОЛИСУ № CL562653284) НДС0.00";2026-07-22;Закупка внесена в подтверждённые желания и убрана из этого столбца;11254.44;11254.44;Договор разовый или накопительный поэтому 0;;11254.44;Услуги;1. Техническое оснащение деятельности штаба;1. Техническое оснащение деятельности штаба;Приобретение ОСАГО для автомобилей;;;;Россия;;;;;;Нет;Нет;Да;Да;Да;Да;Да;уже заказали;11254.44;11254.44;ЭТО НЕ ЕЖЕМЕСЯЧНЫЙ ПЛАТЁЖ;Уже заказано;ЭТО РЕАЛЬНЫЕ РАСХОДЫ;11254.44;Услуги;0;;424 от 22.07.2026;2026-07-22;7;;;;;;;200024;ДОГОВОР CL562653284 от 22.07.2026;Нет данных;;Услуги;
97;Техническое оснащение деятельности штаба;Рамочный накопительный;1;5;Услуги связи;Услуги связи;"ПАО ""РОСТЕЛЕКОМ""";1;усл.;11870.6;11870.6;True;11870.6;11870.6;11870.6;82985.14;7707049388;ДОГОВОР 850000713106;24.11.2023;221;"(711К0232001;0200003) СОГЛАШЕНИЕ 091-10-2026-008 ОТ 28.01.2026 ДОГОВОР 850000713106 ОТ 24.11.2023, АКТ 842601/50/0226842 ОТ 30.04.2026 УСЛУГИ ТЕЛЕФОННОЙ СВЯЗИ (ОПЛАТА ПО Л/С № 850000713106) НДС2140.60";2026-05-06;Закупка внесена в подтверждённые желания и убрана из этого столбца;11870.6;11870.6;Договор разовый или накопительный поэтому 0;;11870.6;Услуги;1. Техническое оснащение деятельности штаба;1. Техническое оснащение деятельности штаба;Услуги телефонии;Услуги связи;;Неконкурентная закупка;Россия;1;;;;;Нет;Нет;Да;Да;Да;Да;Да;уже заказали;11870.6;11870.6;ЭТО НЕ ЕЖЕМЕСЯЧНЫЙ ПЛАТЁЖ;Уже заказано;ЭТО РЕАЛЬНЫЕ РАСХОДЫ;11870.6;Услуги;0;;221 от 06.05.2026;24.11.2023;11;;;;;;;200003;ДОГОВОР 850000713106 от 24.11.2023;АКТ 842601/50/0226842 ОТ 30.04.2026;;Услуги;
98;Техническое оснащение деятельности штаба;Рамочный накопительный;1;6;Услуги связи;Услуги связи;"ПАО ""РОСТЕЛЕКОМ""";1;усл.;11870.6;11870.6;True;11870.6;11870.6;11870.6;82985.14;7707049388;ДОГОВОР 850000713106;24.11.2023;318;"(711К0232001;0200003) СОГЛАШЕНИЕ 091-10-2026-008 ОТ 28.01.2026 ДОГОВОР 850000713106 ОТ 24.11.2023, АКТ 842601/50/0319432 ОТ 31.05.2026 УСЛУГИ ТЕЛЕФОННОЙ СВЯЗИ (ОПЛАТА ПО Л/С № 850000713106) НДС2140.60";2026-06-09;Закупка внесена в подтверждённые желания и убрана из этого столбца;11870.6;11870.6;Договор разовый или накопительный поэтому 0;;11870.6;Услуги;1. Техническое оснащение деятельности штаба;1. Техническое оснащение деятельности штаба;Услуги телефонии;Услуги связи;;Неконкурентная закупка;Россия;1;;;;;Нет;Нет;Да;Да;Да;Да;Да;уже заказали;11870.6;11870.6;ЭТО НЕ ЕЖЕМЕСЯЧНЫЙ ПЛАТЁЖ;Уже заказано;ЭТО РЕАЛЬНЫЕ РАСХОДЫ;11870.6;Услуги;0;;318 от 09.06.2026;24.11.2023;11;;;;;;;200003;ДОГОВОР 850000713106 от 24.11.2023;АКТ 842601/50/0319432 ОТ 31.05.2026;;Услуги;
99;Техническое оснащение деятельности штаба;Рамочный накопительный;1;7;Услуги связи;Услуги связи;"ПАО ""РОСТЕЛЕКОМ""";1;усл.;11870.6;11870.6;True;11870.6;11870.6;11870.6;82985.14;7707049388;ДОГОВОР 850000713106;24.11.2023;392;"(711К0232001;0200003) СОГЛАШЕНИЕ 091-10-2026-008 ОТ 28.01.2026 ДОГОВОР 850000713106 ОТ 24.11.2023, АКТ 842601/50/0349184 ОТ 30.06.2026 УСЛУГИ ТЕЛЕФОННОЙ СВЯЗИ (ОПЛАТА ПО Л/С № 850000713106) НДС2140.60";2026-07-17;Закупка внесена в подтверждённые желания и убрана из этого столбца;11870.6;11870.6;Договор разовый или накопительный поэтому 0;;11870.6;Услуги;1. Техническое оснащение деятельности штаба;1. Техническое оснащение деятельности штаба;Услуги телефонии;Услуги связи;;Неконкурентная закупка;Россия;1;;;;;Нет;Нет;Да;Да;Да;Да;Да;уже заказали;11870.6;11870.6;ЭТО НЕ ЕЖЕМЕСЯЧНЫЙ ПЛАТЁЖ;Уже заказано;ЭТО РЕАЛЬНЫЕ РАСХОДЫ;11870.6;Услуги;0;;392 от 17.07.2026;;12;;;;;;;200003;ДОГОВОР 850000713106 от 24.11.2023;АКТ 842601/50/0349184 ОТ 30.06.2026;;Услуги;
100;Техническое оснащение деятельности штаба;Рамочный накопительный;1;8;Услуги связи;Услуги связи;"ПАО ""РОСТЕЛЕКОМ""";1;усл.;11870.6;11870.6;True;11870.6;11870.6;11870.6;82985.14;7707049388;ДОГОВОР 850000713106;24.11.2023;462;"(711К0232001;0200003) СОГЛАШЕНИЕ 091-10-2026-008 ОТ 28.01.2026 ДОГОВОР 850000713106 ОТ 24.11.2023, АКТ 842601/50/0459439 ОТ 31.07.2026 УСЛУГИ ТЕЛЕФОННОЙ СВЯЗИ (ОПЛАТА ПО Л/С № 850000713106) НДС2140.60";2026-08-13;Закупка внесена в подтверждённые желания и убрана из этого столбца;11870.6;11870.6;Договор разовый или накопительный поэтому 0;;11870.6;Услуги;1. Техническое оснащение деятельности штаба;1. Техническое оснащение деятельности штаба;Услуги телефонии;Услуги связи;;Неконкурентная закупка;Россия;1;;;;;Нет;Нет;Да;Да;Да;Да;Да;уже заказали;11870.6;11870.6;ЭТО НЕ ЕЖЕМЕСЯЧНЫЙ ПЛАТЁЖ;Уже заказано;ЭТО РЕАЛЬНЫЕ РАСХОДЫ;11870.6;Услуги;0;;462 от 13.08.2026;;12;;;;;;;200003;ДОГОВОР 850000713106 от 24.11.2023;АКТ 842601/50/0459439 ОТ 31.07.2026;;Услуги;
101;Техническое оснащение деятельности штаба;Рамочный накопительный;1;9;Услуги связи;Услуги связи;"ПАО ""РОСТЕЛЕКОМ""";1;усл.;11870.6;11870.6;True;11870.6;11870.6;11870.6;82985.14;7707049388;ДОГОВОР 850000713106;24.11.2023;462;"(711К0232001;0200003) СОГЛАШЕНИЕ 091-10-2026-008 ОТ 28.01.2026 ДОГОВОР 850000713106 ОТ 24.11.2023, АКТ 842601/50/0459439 ОТ 31.07.2026 УСЛУГИ ТЕЛЕФОННОЙ СВЯЗИ (ОПЛАТА ПО Л/С № 850000713106) НДС2140.60";2026-08-13;Закупка внесена в подтверждённые желания и убрана из этого столбца;11870.6;11870.6;Договор разовый или накопительный поэтому 0;;11870.6;Услуги;1. Техническое оснащение деятельности штаба;1. Техническое оснащение деятельности штаба;Услуги телефонии;Услуги связи;;Неконкурентная закупка;Россия;1;;;;;Нет;Нет;Да;Да;Еще не поставлено , но  будет.Ежемесячная услуга;Нет;Нет;11870.6;ещё не заказали;ещё не поставили;11870.6;ЭТО ВЫДУМАННЫЕ РАСХОДЫ ИЛИ ЕЖЕМЕСЯЧНЫЕ ПЛАТЕЖИ;ЭТО РЕАЛЬНЫЕ РАСХОДЫ;ещё не платили;Услуги;0;;462 от 13.08.2026;;12;;;;;;;200003;ДОГОВОР 850000713106 от 24.11.2023;АКТ 842601/50/0459439 ОТ 31.07.2026;;Услуги;
102;Техническое оснащение деятельности штаба;Рамочный накопительный;1;10;Услуги связи;Услуги связи;"ПАО ""РОСТЕЛЕКОМ""";1;усл.;11870.6;11870.6;True;11870.6;11870.6;11870.6;82985.14;7707049388;ДОГОВОР 850000713106;24.11.2023;462;"(711К0232001;0200003) СОГЛАШЕНИЕ 091-10-2026-008 ОТ 28.01.2026 ДОГОВОР 850000713106 ОТ 24.11.2023, АКТ 842601/50/0459439 ОТ 31.07.2026 УСЛУГИ ТЕЛЕФОННОЙ СВЯЗИ (ОПЛАТА ПО Л/С № 850000713106) НДС2140.60";2026-08-13;Закупка внесена в подтверждённые желания и убрана из этого столбца;11870.6;11870.6;Договор разовый или накопительный поэтому 0;;11870.6;Услуги;1. Техническое оснащение деятельности штаба;1. Техническое оснащение деятельности штаба;Услуги телефонии;Услуги связи;;Неконкурентная закупка;Россия;1;;;;;Нет;Нет;Да;Да;Еще не поставлено , но  будет.Ежемесячная услуга;Нет;Нет;11870.6;ещё не заказали;ещё не поставили;11870.6;ЭТО ВЫДУМАННЫЕ РАСХОДЫ ИЛИ ЕЖЕМЕСЯЧНЫЕ ПЛАТЕЖИ;ЭТО РЕАЛЬНЫЕ РАСХОДЫ;ещё не платили;Услуги;0;;462 от 13.08.2026;;12;;;;;;;200003;ДОГОВОР 850000713106 от 24.11.2023;АКТ 842601/50/0459439 ОТ 31.07.2026;;Услуги;
103;Техническое оснащение деятельности штаба;Рамочный накопительный;1;11;Услуги связи;Услуги связи;"ПАО ""РОСТЕЛЕКОМ""";1;усл.;11870.6;11870.6;True;11870.6;11870.6;11870.6;82985.14;7707049388;ДОГОВОР 850000713106;24.11.2023;462;"(711К0232001;0200003) СОГЛАШЕНИЕ 091-10-2026-008 ОТ 28.01.2026 ДОГОВОР 850000713106 ОТ 24.11.2023, АКТ 842601/50/0459439 ОТ 31.07.2026 УСЛУГИ ТЕЛЕФОННОЙ СВЯЗИ (ОПЛАТА ПО Л/С № 850000713106) НДС2140.60";2026-08-13;Закупка внесена в подтверждённые желания и убрана из этого столбца;11870.6;11870.6;Договор разовый или накопительный поэтому 0;;11870.6;Услуги;1. Техническое оснащение деятельности штаба;1. Техническое оснащение деятельности штаба;Услуги телефонии;Услуги связи;;Неконкурентная закупка;Россия;1;;;;;Нет;Нет;Да;Да;Еще не поставлено , но  будет.Ежемесячная услуга;Нет;Нет;11870.6;ещё не заказали;ещё не поставили;11870.6;ЭТО ВЫДУМАННЫЕ РАСХОДЫ ИЛИ ЕЖЕМЕСЯЧНЫЕ ПЛАТЕЖИ;ЭТО РЕАЛЬНЫЕ РАСХОДЫ;ещё не платили;Услуги;0;;462 от 13.08.2026;;12;;;;;;;200003;ДОГОВОР 850000713106 от 24.11.2023;АКТ 842601/50/0459439 ОТ 31.07.2026;;Услуги;
104;Техническое оснащение деятельности штаба;Рамочный накопительный;1;12;Услуги связи;Услуги связи;"ПАО ""РОСТЕЛЕКОМ""";1;усл.;11870.6;11870.6;True;11870.6;11870.6;11870.6;82985.14;7707049388;ДОГОВОР 850000713106;24.11.2023;462;"(711К0232001;0200003) СОГЛАШЕНИЕ 091-10-2026-008 ОТ 28.01.2026 ДОГОВОР 850000713106 ОТ 24.11.2023, АКТ 842601/50/0459439 ОТ 31.07.2026 УСЛУГИ ТЕЛЕФОННОЙ СВЯЗИ (ОПЛАТА ПО Л/С № 850000713106) НДС2140.60";2026-08-13;Закупка внесена в подтверждённые желания и убрана из этого столбца;11870.6;11870.6;Договор разовый или накопительный поэтому 0;;11870.6;Услуги;1. Техническое оснащение деятельности штаба;1. Техническое оснащение деятельности штаба;Услуги телефонии;Услуги связи;;Неконкурентная закупка;Россия;1;;;;;Нет;Нет;Да;Да;Еще не поставлено , но  будет.Ежемесячная услуга;Нет;Нет;11870.6;ещё не заказали;ещё не поставили;11870.6;ЭТО ВЫДУМАННЫЕ РАСХОДЫ ИЛИ ЕЖЕМЕСЯЧНЫЕ ПЛАТЕЖИ;ЭТО РЕАЛЬНЫЕ РАСХОДЫ;ещё не платили;Услуги;0;;462 от 13.08.2026;;12;;;;;;;200003;ДОГОВОР 850000713106 от 24.11.2023;АКТ 842601/50/0459439 ОТ 31.07.2026;;Услуги;
105;Техническое оснащение деятельности штаба;Разовый;80;1;1С:КОМПЛ ПОДДЕРЖ. КП ПРОФ 12 МЕС;1С:КОМПЛ ПОДДЕРЖ. КП ПРОФ 12 МЕС;"ООО ""ФОРМУЛА ИТ""";1;;57000;57000;True;57000;57000;57000;57000;7706444219;ДОГОВОР 059/130526/001;03.06.2026;317;"(711К0232001;0200019) СОГЛАШЕНИЕ 091-10-2026-008 ОТ 28.01.2026 ДОГОВОР 059/130526/001 ОТ 03.06.2026, УПД 059/0000004321 ОТ 04.06.2026 ПРИОБРЕТЕНИЕ НЕИСКЛЮЧИТЕЛЬНЫХ ПРАВ(1С:КОМПЛ ПОДДЕРЖ. КП ПРОФ 12 МЕС) НДС0.00";2026-06-09;Закупка внесена в подтверждённые желания и убрана из этого столбца;57000;57000;Договор разовый или накопительный поэтому 0;;57000;Услуги;1. Техническое оснащение деятельности штаба;1. Техническое оснащение деятельности штаба;Организационные расходы на содержание штаба;Услуги связи;;Неконкурентная закупка;Россия;2;;;;;Нет;Нет;Да;Да;Да;Да;Да;уже заказали;57000;57000;ЭТО НЕ ЕЖЕМЕСЯЧНЫЙ ПЛАТЁЖ;Уже заказано;ЭТО РЕАЛЬНЫЕ РАСХОДЫ;57000;Услуги;0;;317 от 09.06.2026;;12;;;;;;;200019;ДОГОВОР 059/130526/001 от 03.06.2026;УПД 059/0000004321 ОТ 04.06.2026;;Услуги;
106;Комплекс мероприятий, направленных на гражданско-патриотическое воспитание детей и молодежи;Рамочный накопительный;21;9;БРОНИРОВАНИЕ ГОСТИНИЦ;БРОНИРОВАНИЕ ГОСТИНИЦ;"ООО ""КОРПОРАТИВНЫЙ АЛЬЯНС ""ТУРНЕ-ТРАНС""";1;;25010;25010;True;25010;25010;25010;648904.12;3905605417;РЕЕСТР ДОК.-ОСН. 352;30.06.2026;352;"(711К0232001;0200032) СОГЛАШЕНИЕ 091-10-2026-008 ОТ 28.01.2026 РЕЕСТР ДОК.-ОСН. 352 ОТ 30.06.2026 ДР ВЫПЛ СВЯЗ С ЗАКУП УСЛУГ (БРОНИРОВАНИЕ ГОСТИНИЦ)ЧАСТ ОПЛАТА НДС0.00";2026-06-30;Закупка внесена в подтверждённые желания и убрана из этого столбца;25010;25010;Договор разовый или накопительный поэтому 0;;25010;Услуги;4. Оказание услуг по транспортировке и проживанию сотрудников и добровольцев;2.Оказание услуг по проживанию сотрудников и добровольцев ВСКС;Оказание услуг по проживанию сотрудников и добровольцев ВСКС;Услуги связи;;Неконкурентная закупка;Россия;3;;;;;Нет;Нет;Да;Да;Да;Да;Да;уже заказали;25010;25010;ЭТО НЕ ЕЖЕМЕСЯЧНЫЙ ПЛАТЁЖ;Уже заказано;ЭТО РЕАЛЬНЫЕ РАСХОДЫ;25010;Услуги;0;;352 от 30.06.2026;2026-06-30;6;;;;;;;200032;РЕЕСТР ДОК.-ОСН. 352 от 30.06.2026;РЕЕСТР ДОК.-ОСН. 352 ОТ 30.06.2026;;Услуги;
107;Комплекс мероприятий, направленных на гражданско-патриотическое воспитание детей и молодежи;Рамочный накопительный;21;10;ОФОРМЛЕНИЕ БИЛЕТОВ, СЕРВИСНЫЙ СБОР;ОФОРМЛЕНИЕ БИЛЕТОВ, СЕРВИСНЫЙ СБОР;"ООО ""КОРПОРАТИВНЫЙ АЛЬЯНС ""ТУРНЕ-ТРАНС""";1;;8965.7;8965.7;True;8965.7;8965.7;8965.7;648904.12;3905605417;РЕЕСТР ДОК.-ОСН. 353;30.06.2026;353;"(711К0232001;0200007) СОГЛАШЕНИЕ 091-10-2026-008 ОТ 28.01.2026 РЕЕСТР ДОК.-ОСН. 353 ОТ 30.06.2026 ДРУГИЕ АНАЛОГИЧНЫЕ ВЫПЛАТЫ (ОФОРМЛЕНИЕ БИЛЕТОВ, СЕРВИСНЫЙ СБОР) ЧАСТИЧНАЯ ОПЛАТА НДС129.22";2026-06-30;Закупка внесена в подтверждённые желания и убрана из этого столбца;8965.7;8965.7;Договор разовый или накопительный поэтому 0;;8965.7;Услуги;4. Оказание услуг по транспортировке и проживанию сотрудников и добровольцев;1. Оказание услуг по транспортировке сотрудников и добровольцев ВСКС;Оказание услуг по транспортировке сотрудников и добровольцев ВСКС;Услуги связи;;Неконкурентная закупка;Россия;3;;;;;Нет;Нет;Да;Да;Да;Да;Да;уже заказали;8965.7;8965.7;ЭТО НЕ ЕЖЕМЕСЯЧНЫЙ ПЛАТЁЖ;Уже заказано;ЭТО РЕАЛЬНЫЕ РАСХОДЫ;8965.7;Услуги;0;;353 от 30.06.2026;2026-06-30;6;;;;;;;200007;РЕЕСТР ДОК.-ОСН. 353 от 30.06.2026;РЕЕСТР ДОК.-ОСН. 353 ОТ 30.06.2026;;Услуги;
108;Техническое оснащение деятельности штаба;Рамочный с суммой;6;Установка предельной суммы договора;КОМПЛЕКСНАЯ УБОРКА ПОМЕЩ;КОМПЛЕКСНАЯ УБОРКА ПОМЕЩ;Егорова Людмила Владимировна;1;;207900;207900;True;207900;207900;0;199800;930702695519;Нет данных;Нет данных;Платёж не проходил;Не обнаружено;Платёж не проходил;Место установки предельной суммы по закупке № 6;Место установки предельной суммы по закупке № 6;207900;8100;;207900;;1. Техническое оснащение деятельности штаба;1. Техническое оснащение деятельности штаба;Услуги телефонии;Услуги связи;;Неконкурентная закупка;Россия;1;;;;;Нет;Нет;Да;Да;;Нет;Нет;Место установки предельной суммы по закупке № 6;ещё не заказали;ещё не поставили;ЭТО НЕ ЕЖЕМЕСЯЧНЫЙ ПЛАТЁЖ;ЭТО ВЫДУМАННЫЕ РАСХОДЫ ИЛИ ЕЖЕМЕСЯЧНЫЕ ПЛАТЕЖИ;ЭТО РЕАЛЬНЫЕ РАСХОДЫ;ещё не платили;0;0;;Платёж не проходил от Платёж не проходил;Нет данных;10;;;;;;;Платёж не проходил;Нет данных от Нет данных;Нет данных;;Заполни;
109;Комплекс мероприятий, направленных на подготовку добровольцев в сфере предупреждения и ликвидации чрезвычайных ситуаций и практическое применение полученных ими навыков;Разовый;82;1;УКЛАДКА ИССКУС. ГАЗОНА ДЛЯ ПРОВЕД МЕРОПР ВДНХ;УКЛАДКА ИССКУС. ГАЗОНА ДЛЯ ПРОВЕД МЕРОПР ВДНХ;"ООО ""НИКА”";1;;163152;163152;True;163152;163152;163152;163152;7719880646;ДОГОВОР 25/05;25.05.2026;355;"(711К0232001;0200032) СОГЛАШЕНИЕ 091-10-2026-008 ОТ 28.01.2026 ДОГОВОР 25/05 ОТ 25.05.2026, АКТ 16 ОТ 29.05.2026 ДР АНАЛОГ ВЫПЛ, СВЯЗАН С ЗАКУП УСЛУГ(УКЛАДКА ИССКУС. ГАЗОНА ДЛЯ ПРОВЕД МЕРОПР ВДНХ) НДС29420.85";2026-06-30;Закупка внесена в подтверждённые желания и убрана из этого столбца;163152;163152;Договор разовый или накопительный поэтому 0;;163152;Услуги;1. Техническое оснащение деятельности штаба;1. Техническое оснащение деятельности штаба;Услуги телефонии;Услуги связи;;Неконкурентная закупка;Россия;1;;;;;Нет;Нет;Да;Да;Да;Да;Да;уже заказали;163152;163152;ЭТО НЕ ЕЖЕМЕСЯЧНЫЙ ПЛАТЁЖ;Уже заказано;ЭТО РЕАЛЬНЫЕ РАСХОДЫ;163152;Услуги;0;;355 от 30.06.2026;25.05.2026;5;;;;;;;200032;ДОГОВОР 25/05 от 25.05.2026;АКТ 16 ОТ 29.05.2026;;Услуги;
110;Техническое оснащение деятельности штаба;Разовый;13;5;ПРИОБРЕТЕНИЕ КАНЦЕЛЯРСКИХ ТОВАРОВ, АПТЕЧКА;ПРИОБРЕТЕНИЕ КАНЦЕЛЯРСКИХ ТОВАРОВ, АПТЕЧКА;"ООО ""ОФИСМАГ""";1;;19800.8;19800.8;True;19800.8;19800.8;19800.8;301205.81;5009062762;ДОГОВОР 208507/КОР;08.05.2026;356;"(711К0232001;0300022) СОГЛАШЕНИЕ 091-10-2026-008 ОТ 28.01.2026 СЧЕТ 110677/КОР ОТ 08.05.2026, УПД 145320 ОТ 08.05.2026 ПРОЧИЕ МАТЕРИАЛЬНЫЕ ЗАПАСЫ (ПРИОБРЕТЕНИЕ КАНЦЕЛЯРСКИХ ТОВАРОВ, АПТЕЧКА) НДС3570.64";2026-06-30;Закупка внесена в подтверждённые желания и убрана из этого столбца;19800.8;19800.8;Договор разовый или накопительный поэтому 0;;19800.8;Товары;1. Техническое оснащение деятельности штаба;1. Техническое оснащение деятельности штаба;Прочее;Закупка канцелярских принадлежностей;;Неконкурентная закупка;Россия;1;;;;;Нет;Нет;Да;Да;Да;Да;Да;уже заказали;19800.8;19800.8;ЭТО НЕ ЕЖЕМЕСЯЧНЫЙ ПЛАТЁЖ;Уже заказано;ЭТО РЕАЛЬНЫЕ РАСХОДЫ;19800.8;0;Товары;;356 от 30.06.2026;08.05.2026;5;;;;;;;300022;ДОГОВОР 208507/КОР от 08.05.2026;УПД 145320 ОТ 08.05.2026;;Услуги;
111;Техническое оснащение деятельности штаба;Разовый;13;6;БАКАЛЕЯ;БАКАЛЕЯ;"ООО ""ОФИСМАГ""";1;;39529.37;39529.37;True;39529.37;39529.37;39529.37;301205.81;5009062762;ДОГОВОР 208507/КОР;26.05.2026;357;"(711К0232001;0300033) СОГЛАШЕНИЕ 091-10-2026-008 ОТ 28.01.2026 СЧЕТ 123942/КОР ОТ 26.05.2026, УПД 164327 ОТ 26.05.2026 ПРОДУКТЫ ПИТАНИЯ (БАКАЛЕЯ) НДС6755.40";2026-06-30;Закупка внесена в подтверждённые желания и убрана из этого столбца;39529.37;39529.37;Договор разовый или накопительный поэтому 0;;39529.37;Товары;1. Техническое оснащение деятельности штаба;1. Техническое оснащение деятельности штаба;Прочее;Закупка канцелярских принадлежностей;;Неконкурентная закупка;Россия;1;;;;;Нет;Нет;Да;Да;Да;Да;Да;уже заказали;39529.37;39529.37;ЭТО НЕ ЕЖЕМЕСЯЧНЫЙ ПЛАТЁЖ;Уже заказано;ЭТО РЕАЛЬНЫЕ РАСХОДЫ;39529.37;0;Товары;;357 от 30.06.2026;26.05.2026;5;;;;;;;300033;ДОГОВОР 208507/КОР от 26.05.2026;УПД 164327 ОТ 26.05.2026;;Услуги;
112;Техническое оснащение деятельности штаба;Рамочный накопительный;32;3;УСЛУГИ ДОСТАВКИ;УСЛУГИ ДОСТАВКИ;"ООО ""ЮГ-ЛОГИСТИКА""";1;;23360.29;23360.29;True;23360.29;23360.29;23360.29;295319.12;2315176820;ДОГОВОР ИМ-РФ-НВС-595;20.09.2021;358;"(711К0232001;0200006) СОГЛАШЕНИЕ 091-10-2026-008 ОТ 28.01.2026 ДОГОВОР ИМ-РФ-НВС-595 ОТ 20.09.2021, УПД НВС-0017812 ОТ 04.06.2026 ПЛАТА ЗА ПЕРЕВ ГРУЗ ПО ДОГОВ ПЕРЕВ (УСЛУГИ ДОСТАВКИ) НДС1528.24";2026-06-30;Закупка внесена в подтверждённые желания и убрана из этого столбца;23360.29;23360.29;Договор разовый или накопительный поэтому 0;;23360.29;Услуги;1. Техническое оснащение деятельности штаба;1. Техническое оснащение деятельности штаба;Услуги телефонии;Услуги связи;;Неконкурентная закупка;Россия;1;;;;;Нет;Нет;Да;Да;Да;Да;Да;уже заказали;23360.29;23360.29;ЭТО НЕ ЕЖЕМЕСЯЧНЫЙ ПЛАТЁЖ;Уже заказано;ЭТО РЕАЛЬНЫЕ РАСХОДЫ;23360.29;Услуги;0;;358 от 30.06.2026;20.09.2021;9;;;;;;;200006;ДОГОВОР ИМ-РФ-НВС-595 от 20.09.2021;УПД НВС-0017812 ОТ 04.06.2026;;Услуги;
113;Комплекс мероприятий, направленных на подготовку добровольцев в сфере предупреждения и ликвидации чрезвычайных ситуаций и практическое применение полученных ими навыков;Разовый;83;1;ИЗГОТОВЛЕНИЕ ПАКЕТОВ С БРЕНДИНГОМ;ИЗГОТОВЛЕНИЕ ПАКЕТОВ С БРЕНДИНГОМ;"ОБЩЕСТВО С ОГРАНИЧЕННОЙ ОТВЕТСТВЕННОСТЬЮ ""СДП+""";1;;28914;28914;True;28914;28914;28914;28914;7721287377;ДОГОВОР 27/04;27.04.2026;360;"(711К0232001;0200032) СОГЛАШЕНИЕ 091-10-2026-008 ОТ 28.01.2026 ДОГОВОР 27/04 ОТ 27.04.2026, УПД 65 ОТ 22.05.2026 ДР ВЫПЛ СВЯЗ С ЗАКУП УСЛУГ (ИЗГОТОВЛЕНИЕ ПАКЕТОВ С БРЕНДИНГОМ) НДС5214.00";2026-06-30;Закупка внесена в подтверждённые желания и убрана из этого столбца;28914;28914;Договор разовый или накопительный поэтому 0;;28914;Услуги;1. Техническое оснащение деятельности штаба;1. Техническое оснащение деятельности штаба;Услуги телефонии;Услуги связи;;Неконкурентная закупка;Россия;1;;;;;Нет;Нет;Да;Да;Да;Да;Да;уже заказали;28914;28914;ЭТО НЕ ЕЖЕМЕСЯЧНЫЙ ПЛАТЁЖ;Уже заказано;ЭТО РЕАЛЬНЫЕ РАСХОДЫ;28914;Услуги;0;;360 от 30.06.2026;27.04.2026;4;;;;;;;200032;ДОГОВОР 27/04 от 27.04.2026;УПД 65 ОТ 22.05.2026;;Услуги;
114;Комплекс мероприятий, направленных на гражданско-патриотическое воспитание детей и молодежи;Разовый;73;1;ПРИОБРЕТЕНИЕ РОУТЕР, ЖЕСТКИЙ ДИСК;ПРИОБРЕТЕНИЕ РОУТЕР, ЖЕСТКИЙ ДИСК;"ООО ""ЕВРОИНСТАЛЛ""";1;шт;38400;38400;True;38400;38400;38400;38400;3849035263;ДОГОВОР 09/04;09.04.2026;363;"(711К0232001;0300022) СОГЛАШЕНИЕ 091-10-2026-008 ОТ 28.01.2026 ДОГОВОР 09/04 ОТ 09.04.2026, УПД 2976 ОТ 13.05.2026 ПРОЧИЕ МАТЕРИАЛЬНЫЕ ЗАПАСЫ (ПРИОБРЕТЕНИЕ РОУТЕР, ЖЕСТКИЙ ДИСК) НДС6924.59";2026-07-03;Закупка внесена в подтверждённые желания и убрана из этого столбца;38400;38400;Договор разовый или накопительный поэтому 0;;38400;Услуги;1. Техническое оснащение деятельности штаба;1. Техническое оснащение деятельности штаба;Услуги телефонии;Услуги связи;;Неконкурентная закупка;Россия;1;;;;;Нет;Нет;Да;Да;Да;Да;Да;уже заказали;38400;38400;ЭТО НЕ ЕЖЕМЕСЯЧНЫЙ ПЛАТЁЖ;Уже заказано;ЭТО РЕАЛЬНЫЕ РАСХОДЫ;38400;Услуги;0;;363 от 03.07.2026;2026-07-03;7;;;;;;;300022;ДОГОВОР 09/04 от 09.04.2026;УПД 2976 ОТ 13.05.2026;;Услуги;
115;Комплекс мероприятий, направленных на гражданско-патриотическое воспитание детей и молодежи;Разовый;81;3;Специализированная форменная одежда;КОСТЮМ ПОВСЕДН: БРЮКИ, КУРТКА;"ООО ""ТОРГОВЫЙ ДОМ ТЕКСТИЛЬ М""";1;;1167160;1167160;True;1167160;1167160;1167160;1240000;5031069379;ДОГОВОР 26-03;26.03.2026;379;"(711К0232001;0300021) СОГЛАШЕНИЕ 091-10-2026-008 ОТ 28.01.2026 ДОГОВОР 26-03 ОТ 26.03.2026, УПД 48 ОТ 16.04.2026 СПЕЦИАЛЬНАЯ ОДЕЖДА НА СКЛАДЕ (КОСТЮМ ПОВСЕДН: БРЮКИ, КУРТКА)ЧАСТ. ОПЛАТА НДС55579.05";2026-07-10;Закупка внесена в подтверждённые желания и убрана из этого столбца;1167160;1167160;Договор разовый или накопительный поэтому 0;;1167160;Услуги;1. Техническое оснащение деятельности штаба;1. Техническое оснащение деятельности штаба;Услуги телефонии;Услуги связи;;Неконкурентная закупка;Россия;1;;;;;Нет;Нет;Да;Да;Да;Да;Да;уже заказали;1167160;1167160;ЭТО НЕ ЕЖЕМЕСЯЧНЫЙ ПЛАТЁЖ;Уже заказано;ЭТО РЕАЛЬНЫЕ РАСХОДЫ;1167160;Услуги;0;;379 от 10.07.2026;26.03.2026;7;;;;;;;300021;ДОГОВОР 26-03 от 26.03.2026;УПД 48 ОТ 16.04.2026;;Услуги;
116;Комплекс мероприятий, направленных на гражданско-патриотическое воспитание детей и молодежи;Разовый;7;1;Специализированная форменная одежда;Костюм повседневный (комплект брюки и куртка);"ООО ""ТОРГОВЫЙ ДОМ ТЕКСТИЛЬ М""";200;шт.;6200;1240000;True;6200;1240000;1430000;1430000;5031069379;ДОГОВОР 311;24.02.2026;86;"(711К0232001;0300021) СОГЛАШЕНИЕ 091-10-2026-008 ОТ 28.01.2026 ДОГОВОР 311 ОТ 24.02.2026, УПД 27 ОТ 11.03.2026 СПЕЦИАЛЬНАЯ ОДЕЖДА НА СКЛАДЕ (КОСТЮМ ПОВСЕДН: БРЮКИ, КУРТКА; ШАПКА, БЕЙСБОЛКА) НДС68095.24";2026-03-17;Закупка внесена в подтверждённые желания и убрана из этого столбца;1240000;1240000;Договор разовый или накопительный поэтому 0;;1240000;Товары;2. Организация мероприятий;3. Закупка комплекта форменной одежды для проведения торжественных мероприятий, направленных на гражданско-патриотическое воспитание молодого поколения, проведение занятий с различными категориями граждан, участие в ликвидации чрезвычайных ситуаций и их последствий, гуманитарных миссий и прочих;Комплект летней формы;;;Конкурентная закупка;Россия;;;;;;Нет;Нет;Да;Да;Да;Да;Да;уже заказали;1240000;1240000;ЭТО НЕ ЕЖЕМЕСЯЧНЫЙ ПЛАТЁЖ;Уже заказано;ЭТО РЕАЛЬНЫЕ РАСХОДЫ;1240000;0;Товары;;Платёж не проходил от Платёж не проходил;;3;;;;;;;Платёж не проходил;Нет данных от Нет данных;Нет данных;;Заполни;
117;Комплекс мероприятий, направленных на гражданско-патриотическое воспитание детей и молодежи;Разовый;7;1;Специализированная форменная одежда;Шапка полушерстянная черная;"ООО ""ТОРГОВЫЙ ДОМ ТЕКСТИЛЬ М""";100;шт.;950;95000;True;950;95000;1430000;1430000;5031069379;ДОГОВОР 311;24.02.2026;86;"(711К0232001;0300021) СОГЛАШЕНИЕ 091-10-2026-008 ОТ 28.01.2026 ДОГОВОР 311 ОТ 24.02.2026, УПД 27 ОТ 11.03.2026 СПЕЦИАЛЬНАЯ ОДЕЖДА НА СКЛАДЕ (КОСТЮМ ПОВСЕДН: БРЮКИ, КУРТКА; ШАПКА, БЕЙСБОЛКА) НДС68095.24";2026-03-17;Закупка внесена в подтверждённые желания и убрана из этого столбца;95000;95000;Договор разовый или накопительный поэтому 0;;95000;Товары;2. Организация мероприятий;3. Закупка комплекта форменной одежды для проведения торжественных мероприятий, направленных на гражданско-патриотическое воспитание молодого поколения, проведение занятий с различными категориями граждан, участие в ликвидации чрезвычайных ситуаций и их последствий, гуманитарных миссий и прочих;Шапка;;;Конкурентная закупка;Россия;;;;;;Нет;Нет;Да;Да;Да;Да;Да;уже заказали;95000;95000;ЭТО НЕ ЕЖЕМЕСЯЧНЫЙ ПЛАТЁЖ;Уже заказано;ЭТО РЕАЛЬНЫЕ РАСХОДЫ;95000;0;Товары;;Платёж не проходил от Платёж не проходил;;3;;;;;;;Платёж не проходил;Нет данных от Нет данных;Нет данных;Плат;Заполни;
118;Комплекс мероприятий, направленных на гражданско-патриотическое воспитание детей и молодежи;Разовый;7;1;Специализированная форменная одежда;Бейсболка безразмерная (р. 55-62);"ООО ""ТОРГОВЫЙ ДОМ ТЕКСТИЛЬ М""";100;шт.;950;95000;True;950;95000;1430000;1430000;5031069379;ДОГОВОР 311;24.02.2026;86;"(711К0232001;0300021) СОГЛАШЕНИЕ 091-10-2026-008 ОТ 28.01.2026 ДОГОВОР 311 ОТ 24.02.2026, УПД 27 ОТ 11.03.2026 СПЕЦИАЛЬНАЯ ОДЕЖДА НА СКЛАДЕ (КОСТЮМ ПОВСЕДН: БРЮКИ, КУРТКА; ШАПКА, БЕЙСБОЛКА) НДС68095.24";2026-03-17;Закупка внесена в подтверждённые желания и убрана из этого столбца;95000;95000;Договор разовый или накопительный поэтому 0;;95000;Товары;2. Организация мероприятий;3. Закупка комплекта форменной одежды для проведения торжественных мероприятий, направленных на гражданско-патриотическое воспитание молодого поколения, проведение занятий с различными категориями граждан, участие в ликвидации чрезвычайных ситуаций и их последствий, гуманитарных миссий и прочих;Бейсболка;;;Конкурентная закупка;Россия;;;;;;Нет;Нет;Да;Да;Да;Да;Да;уже заказали;95000;95000;ЭТО НЕ ЕЖЕМЕСЯЧНЫЙ ПЛАТЁЖ;Уже заказано;ЭТО РЕАЛЬНЫЕ РАСХОДЫ;95000;0;Товары;;Платёж не проходил от Платёж не проходил;;3;;;;;;;Платёж не проходил;Нет данных от Нет данных;Нет данных;;Заполни;
119;Техническое оснащение деятельности штаба;Разовый;89;1;ПРИОБРЕТЕНИЕ ГСМ;ПРИОБРЕТЕНИЕ ГСМ;КОЗЕЕВ ЕВГЕНИЙ ВИКТОРОВИЧ;1;;30226;30226;True;30226;30226;30226;30226;503217839400;АВАНСОВЫЙ ОТЧЕТ 29;10.07.2026;385;"(711К0232001;0300022) СОГЛАШЕНИЕ 091-10-2026-008 ОТ 28.01.2026 АВАНСОВЫЙ ОТЧЕТ 29 ОТ 10.07.2026 ПРОЧИЕ МАТЕРИАЛЬНЫЕ ЗАТРАТЫ (ПРИОБРЕТЕНИЕ ГСМ) НДС0.00";2026-07-15;Закупка внесена в подтверждённые желания и убрана из этого столбца;30226;30226;Договор разовый или накопительный поэтому 0;;30226;Услуги;1. Техническое оснащение деятельности штаба;1. Техническое оснащение деятельности штаба;Услуги телефонии;Услуги связи;;Неконкурентная закупка;Россия;3;;;;;Нет;Нет;Да;Да;Да;Да;Да;уже заказали;30226;30226;ЭТО НЕ ЕЖЕМЕСЯЧНЫЙ ПЛАТЁЖ;Уже заказано;ЭТО РЕАЛЬНЫЕ РАСХОДЫ;30226;Услуги;0;;385 от 15.07.2026;10.07.2026;7;;;;;;;300022;АВАНСОВЫЙ ОТЧЕТ 29 от 10.07.2026;АВАНСОВЫЙ ОТЧЕТ 29 ОТ 10.07.2026;;Услуги;
120;Комплекс мероприятий, направленных на подготовку добровольцев в сфере предупреждения и ликвидации чрезвычайных ситуаций и практическое применение полученных ими навыков;Разовый;84;1;Оказание услуг по перевезку добровольцев на  мероприятия в День памяти и скуорби, приуроченного ко дню начала ВОВ;Оканзание услуг по перевеозке;ИНДИВИДУАЛЬНЫЙ ПРЕДПРИНИМАТЕЛЬ КЮНГ ФЕДОР ЮРЬЕВИЧ;1;;180000;180000;True;180000;180000;180000;180000;500710423124;ДОГОВОР 5-2026;18.06.2026;386;"(711К0232001;0200005) СОГЛАШЕНИЕ 091-10-2026-008 ОТ 28.01.2026 ДОГОВОР 5-2026 ОТ 18.06.2026, УПД 61 ОТ 22.06.2026 ПРОВОЗНАЯ ПЛАТА ПО ДОГОВОРАМ ПЕРЕВОЗКИ ПАССАЖИРОВ НДС0.00";2026-07-15;Закупка внесена в подтверждённые желания и убрана из этого столбца;180000;180000;Договор разовый или накопительный поэтому 0;;180000;Услуги;1. Техническое оснащение деятельности штаба;1. Техническое оснащение деятельности штаба;Услуги телефонии;Услуги связи;;Неконкурентная закупка;Россия;3;;;;;Нет;Нет;Да;Да;Да;Да;Да;уже заказали;180000;180000;ЭТО НЕ ЕЖЕМЕСЯЧНЫЙ ПЛАТЁЖ;Уже заказано;ЭТО РЕАЛЬНЫЕ РАСХОДЫ;180000;Услуги;0;;386 от 15.07.2026;18.06.2026;6;;;;;;;200005;ДОГОВОР 5-2026 от 18.06.2026;УПД 61 ОТ 22.06.2026;;Услуги;
121;Техническое оснащение деятельности штаба;Разовый;3;5;ТЕХНИЧЕСКОЕ ОБСЛУЖИВАНИЕ И РЕМОНТ АВТОМОБИЛЯ;ТЕХНИЧЕСКОЕ ОБСЛУЖИВАНИЕ И РЕМОНТ АВТОМОБИЛЯ;"ОБЩЕСТВО С ОГРАНИЧЕННОЙ ОТВЕТСТВЕННОСТЬЮ ""ЦЕНТРАВТО""";1;;1010.63;1010.63;True;1010.63;1010.63;89360.02;505859.86;9721083909;РЕЕСТР ДОК.-ОСН. 548;10.09.2026;548;"(711К0232001;0200014) СОГЛАШЕНИЕ 091-10-2026-008 ОТ 28.01.2026 РЕЕСТР ДОК.-ОСН. 548 ОТ 10.09.2026 РЕМОНТ (ТЕХНИЧЕСКОЕ ОБСЛУЖИВАНИЕ И РЕМОНТ АВТОМОБИЛЯ) НДС4255.30";2026-09-10;Закупка внесена в подтверждённые желания и убрана из этого столбца;1010.63;1010.63;Договор разовый или накопительный поэтому 0;;1010.63;Услуги;1. Техническое оснащение деятельности штаба;1. Техническое оснащение деятельности штаба;Ремонт техники;Услуги связи;;Неконкурентная закупка;Россия;3;;;;;Нет;Нет;Да;Да;Да;Да;Да;уже заказали;1010.63;1010.63;ЭТО НЕ ЕЖЕМЕСЯЧНЫЙ ПЛАТЁЖ;Уже заказано;ЭТО РЕАЛЬНЫЕ РАСХОДЫ;1010.63;Услуги;0;;548 от 10.09.2026;10.09.2026;9;;;;;;;200014;РЕЕСТР ДОК.-ОСН. 548 от 10.09.2026;РЕЕСТР ДОК.-ОСН. 548 ОТ 10.09.2026;;Услуги;
122;Техническое оснащение деятельности штаба;Разовый;78;1;Система ГАРАНТ предоставление;Система ГАРАНТ предоставление;"ОБЩЕСТВО С ОГРАНИЧЕННОЙ ОТВЕТСТВЕННОСТЬЮ ""НАУЧНО-ПРОИЗВОДСТВЕННОЕ ПРЕДПРИЯТИЕ ""ГАРАНТ-СЕРВИС-УНИВЕРСИТЕТ""";1;;159000;159000;True;159000;159000;159000;0;7706131706;ДОГОВОР ЛД/3098/26;13.07.2026;414;"(711К0232001;0200019) СОГЛАШЕНИЕ 091-10-2026-008 ОТ 28.01.2026 ДОГОВОР ЛД/3098/26 ОТ 13.07.2026, УПД ДП/ШБ(21492)07/26-ЛД ОТ 22.07.2026 ПРИОБРЕТЕНИЕ НЕИСКЛЮЧИТЕЛЬНЫХ ПРАВ(ИСПОЛЬЗ ЭПС ""СИСТЕМА ГАРАНТ"") НДС0.00";2026-07-22;Закупка внесена в подтверждённые желания и убрана из этого столбца;159000;159000;Договор разовый или накопительный поэтому 0;;159000;Услуги;1. Техническое оснащение деятельности штаба;1. Техническое оснащение деятельности штаба;Услуги телефонии;Услуги связи;;Неконкурентная закупка;Россия;3;;;;;Нет;Нет;Да;Да;Да;Да;Да;уже заказали;159000;159000;ЭТО НЕ ЕЖЕМЕСЯЧНЫЙ ПЛАТЁЖ;Уже заказано;ЭТО РЕАЛЬНЫЕ РАСХОДЫ;159000;Услуги;0;;414 от 22.07.2026;13.07.2026;7;;;;;;;200019;ДОГОВОР ЛД/3098/26 от 13.07.2026;УПД ДП/ШБ(21492)07/26-ЛД ОТ 22.07.2026;;Услуги;
123;Техническое оснащение деятельности штаба;Разовый;79;1;ОБУЧ ПО ПРОГРАМ ПЕРЕПОДГОТ;ОБУЧ ПО ПРОГРАМ ПЕРЕПОДГОТ;"АВТОНОМНАЯ НЕКОММЕРЧЕСКАЯ ОРГАНИЗАЦИЯ ДОПОЛНИТЕЛЬНОГО ПРОФЕССИОНАЛЬНОГО ОБРАЗОВАНИЯ ""ПРИКАМСКИЙ ИНСТИТУТ БЕЗОПАСНОСТИ""";1;;20400;20400;True;20400;20400;20400;20400;5905037849;ДОГОВОР 26-04-03/11;15.04.2026;416;"(711К0232001;0200032) СОГЛАШЕНИЕ 091-10-2026-008 ОТ 28.01.2026 ДОГОВОР 26-04-03/11 ОТ 15.04.2026, АКТ 17800 ОТ 04.06.2026 ДРУГИЕ АНАЛОГ ВЫПЛАТЫ, СВЯЗАННЫЕ С ЗАКУПКОЙ УСЛУГ(ОБУЧ ПО ПРОГРАМ ПЕРЕПОДГОТ) НДС0.00";2026-07-22;Закупка внесена в подтверждённые желания и убрана из этого столбца;20400;20400;Договор разовый или накопительный поэтому 0;;20400;Услуги;1. Техническое оснащение деятельности штаба;1. Техническое оснащение деятельности штаба;Услуги телефонии;Услуги связи;;Неконкурентная закупка;Россия;3;;;;;Нет;Нет;Да;Да;Да;Да;Да;уже заказали;20400;20400;ЭТО НЕ ЕЖЕМЕСЯЧНЫЙ ПЛАТЁЖ;Уже заказано;ЭТО РЕАЛЬНЫЕ РАСХОДЫ;20400;Услуги;0;;416 от 22.07.2026;15.04.2026;4;;;;;;;200032;ДОГОВОР 26-04-03/11 от 15.04.2026;АКТ 17800 ОТ 04.06.2026;;Услуги;
124;Техническое оснащение деятельности штаба;Разовый;32;4;УСЛУГИ ДОСТАВКИ ПО СЧ НВС-0476101;УСЛУГИ ДОСТАВКИ ПО СЧ НВС-0476101;"ООО ""ЮГ-ЛОГИСТИКА""";1;;8670.1;8670.1;True;8670.1;8670.1;8670.1;0;2315176820;ДОГОВОР ИМ-РФ-НВС-595;20.09.2021;417;"(711К0232001;0200006) СОГЛАШЕНИЕ 091-10-2026-008 ОТ 28.01.2026 ДОГОВОР ИМ-РФ-НВС-595 ОТ 20.09.2021, УПД НВС-0017813 ОТ 30.06.2026 ПЛАТА ЗА ПЕРЕВ ГРУЗ ПО ДОГОВ ПЕРЕВ (УСЛУГИ ДОСТАВКИ ПО СЧ НВС-0476101) НДС567.20";2026-07-22;Закупка внесена в подтверждённые желания и убрана из этого столбца;8670.1;8670.1;Договор разовый или накопительный поэтому 0;;8670.1;Услуги;1. Техническое оснащение деятельности штаба;1. Техническое оснащение деятельности штаба;Услуги телефонии;Услуги связи;;Неконкурентная закупка;Россия;3;;;;;Нет;Нет;Да;Да;Да;Да;Да;уже заказали;8670.1;8670.1;ЭТО НЕ ЕЖЕМЕСЯЧНЫЙ ПЛАТЁЖ;Уже заказано;ЭТО РЕАЛЬНЫЕ РАСХОДЫ;8670.1;Услуги;0;;417 от 22.07.2026;20.09.2021;9;;;;;;;200006;ДОГОВОР ИМ-РФ-НВС-595 от 20.09.2021;УПД НВС-0017813 ОТ 30.06.2026;;Услуги;
125;Техническое оснащение деятельности штаба;Разовый;13;7;ПРИОБРЕТЕНИЕ КАНЦЕЛЯРСКИХ ТОВАРОВ;ПРИОБРЕТЕНИЕ КАНЦЕЛЯРСКИХ ТОВАРОВ;"ООО ""ОФИСМАГ""";1;1;30525.28;30525.28;True;30525.28;30525.28;30525.28;0;5009062762;ДОГОВОР 208507/КОР;09.07.2026;419;"(711К0232001;0300022) СОГЛАШЕНИЕ 091-10-2026-008 ОТ 28.01.2026 СЧЕТ СЧ-КОР-162539 ОТ 09.07.2026, УПД 217677 ОТ 09.07.2026 ПРОЧИЕ МАТЕРИАЛЬНЫЕ ЗАПАСЫ (ПРИОБРЕТЕНИЕ КАНЦЕЛЯРСКИХ ТОВАРОВ) НДС5504.56";2026-07-22;Закупка внесена в подтверждённые желания и убрана из этого столбца;30525.28;30525.28;Договор разовый или накопительный поэтому 0;;30525.28;Товары;1. Техническое оснащение деятельности штаба;1. Техническое оснащение деятельности штаба;Прочее;Закупка канцелярских принадлежностей;;Неконкурентная закупка;Россия;3;;;;;Нет;Нет;Да;Да;Да;Да;Да;уже заказали;30525.28;30525.28;ЭТО НЕ ЕЖЕМЕСЯЧНЫЙ ПЛАТЁЖ;Уже заказано;ЭТО РЕАЛЬНЫЕ РАСХОДЫ;30525.28;0;Товары;;419 от 22.07.2026;09.07.2026;7;;;;;;;300022;ДОГОВОР 208507/КОР от 09.07.2026;УПД 217677 ОТ 09.07.2026;;Услуги;
126;Техническое оснащение деятельности штаба;Разовый;13;8;ПРИОБРЕТЕНИЕ ХОЗЯЙСТВЕННЫХ ТОВАРОВ;ПРИОБРЕТЕНИЕ ХОЗЯЙСТВЕННЫХ ТОВАРОВ;"ООО ""ОФИСМАГ""";1;;16951.94;16951.94;True;16951.94;16951.94;16951.94;0;5009062762;ДОГОВОР 208507/КОР;09.07.2026;420;"(711К0232001;0300022) СОГЛАШЕНИЕ 091-10-2026-008 ОТ 28.01.2026 СЧЕТ СЧ-КОР-162535 ОТ 09.07.2026, УПД 217678 ОТ 09.07.2026 ПРОЧИЕ МАТЕРИАЛЬНЫЕ ЗАПАСЫ (ПРИОБРЕТЕНИЕ ХОЗЯЙСТВЕННЫХ ТОВАРОВ) НДС2999.07";2026-07-22;Закупка внесена в подтверждённые желания и убрана из этого столбца;16951.94;16951.94;Договор разовый или накопительный поэтому 0;;16951.94;Товары;1. Техническое оснащение деятельности штаба;1. Техническое оснащение деятельности штаба;Прочее;Закупка канцелярских принадлежностей;;Неконкурентная закупка;Россия;3;;;;;Нет;Нет;Да;Да;Да;Да;Да;уже заказали;16951.94;16951.94;ЭТО НЕ ЕЖЕМЕСЯЧНЫЙ ПЛАТЁЖ;Уже заказано;ЭТО РЕАЛЬНЫЕ РАСХОДЫ;16951.94;0;Товары;;420 от 22.07.2026;09.07.2026;7;;;;;;;300022;ДОГОВОР 208507/КОР от 09.07.2026;УПД 217678 ОТ 09.07.2026;;Услуги;
127;Комплекс мероприятий, направленных на гражданско-патриотическое воспитание детей и молодежи;Рамочный накопительный;11;11;БРОНИРОВАНИЕ ГОСТИНИЦ;БРОНИРОВАНИЕ ГОСТИНИЦ;"ООО ""КОРПОРАТИВНЫЙ АЛЬЯНС ""ТУРНЕ-ТРАНС""";1;;10763.6;10763.6;True;10763.6;10763.6;10763.6;0;3905605417;ДОГОВОР 5853;30.07.2021;436;"(711К0232001;0200032) СОГЛАШЕНИЕ 091-10-2026-008 ОТ 28.01.2026 ДОГОВОР 5853 ОТ 30.07.2021, АКТ 2261167 ОТ 30.06.2026 ДР ВЫПЛ СВЯЗ С ЗАКУП УСЛУГ (БРОНИРОВАНИЕ ГОСТИНИЦ)ЧАСТ ОПЛАТА НДС0.00";2026-07-29;Закупка внесена в подтверждённые желания и убрана из этого столбца;10763.6;10763.6;Договор разовый или накопительный поэтому 0;;10763.6;Услуги;4. Оказание услуг по транспортировке и проживанию сотрудников и добровольцев;2.Оказание услуг по проживанию сотрудников и добровольцев ВСКС;Оказание услуг по проживанию сотрудников и добровольцев ВСКС;Услуги связи;;Неконкурентная закупка;Россия;3;;;;;Нет;Нет;Да;Да;Да;Да;Да;уже заказали;10763.6;10763.6;ЭТО НЕ ЕЖЕМЕСЯЧНЫЙ ПЛАТЁЖ;Уже заказано;ЭТО РЕАЛЬНЫЕ РАСХОДЫ;10763.6;Услуги;0;;436 от 29.07.2026;2026-07-29;7;;;;;;;200032;ДОГОВОР 5853 от 30.07.2021;АКТ 2261167 ОТ 30.06.2026;;Услуги;
128;Комплекс мероприятий, направленных на гражданско-патриотическое воспитание детей и молодежи;Рамочный накопительный;12;12;;БРОНИРОВАНИЕ ГОСТИНИЦ;"ООО ""КОРПОРАТИВНЫЙ АЛЬЯНС ""ТУРНЕ-ТРАНС""";1;;93848.4;93848.4;True;93848.4;93848.4;93848.4;0;3905605417;РЕЕСТР ДОК.-ОСН. 455;07.08.2026;455;"(711К0232001;0200032) СОГЛАШЕНИЕ 091-10-2026-008 ОТ 28.01.2026 РЕЕСТР ДОК.-ОСН. 455 ОТ 07.08.2026 ДР ВЫПЛ СВЯЗ С ЗАКУП УСЛУГ (БРОНИРОВАНИЕ ГОСТИНИЦ) НДС0.00";2026-08-07;Закупка внесена в подтверждённые желания и убрана из этого столбца;93848.4;93848.4;Договор разовый или накопительный поэтому 0;;93848.4;Услуги;4. Оказание услуг по транспортировке и проживанию сотрудников и добровольцев;2.Оказание услуг по проживанию сотрудников и добровольцев ВСКС;Оказание услуг по проживанию сотрудников и добровольцев ВСКС;Услуги связи;;Неконкурентная закупка;Россия;3;;;;;Нет;Нет;Да;Да;Да;Да;Да;уже заказали;93848.4;93848.4;ЭТО НЕ ЕЖЕМЕСЯЧНЫЙ ПЛАТЁЖ;Уже заказано;ЭТО РЕАЛЬНЫЕ РАСХОДЫ;93848.4;Услуги;0;;455 от 07.08.2026;2026-08-07;8;;;;;;;200032;РЕЕСТР ДОК.-ОСН. 455 от 07.08.2026;РЕЕСТР ДОК.-ОСН. 455 ОТ 07.08.2026;;Услуги;
129;Всероссийский слёт студентов-спасателей и добровольцев в ЧС;Разовый;2;1;;Перевозка в рамках слёта;"ООО ""ТРАНЗИТ-М""";1;;201000;201000;True;201000;201000;0;0;7734385082;Нет данных;Нет данных;Платёж не проходил;Не обнаружено;Платёж не проходил;Закупка внесена в подтверждённые желания и убрана из этого столбца;201000;201000;Договор разовый или накопительный поэтому 0;;201000;Услуги;2. Организация мероприятий;1. Организация и проведение Слета студентов-спасателей и добровольцев в ЧС;Услуги по доставке;Прочие материальные затраты;Москва;;Россия;3;;;;;Нет;Нет;Да;Да;Да;Да;Нет;уже заказали;201000;201000;ЭТО НЕ ЕЖЕМЕСЯЧНЫЙ ПЛАТЁЖ;Уже заказано;ЭТО РЕАЛЬНЫЕ РАСХОДЫ;ещё не платили;Услуги;0;;Платёж не проходил от Платёж не проходил;Не обнаружено;10;;;;;;;Платёж не проходил;Нет данных от Нет данных;Нет данных;;Заполни;
130;Техническое оснащение деятельности штаба;Разовый;85;1;Страхование автомобиля ОСАГО Mitsubishi delica d:5;Страхование автомобиля ОСАГО Mitsubishi delica d:5;"СПАО ""ИНГОССТРАХ""";1;;9604.87;9604.87;True;9604.87;9604.87;9604.87;9604.87;7705042179;ДОГОВОР CL570250950;21.08.2026;489;"(711К0232001;0200024) СОГЛАШЕНИЕ 091-10-2026-008 ОТ 28.01.2026 ДОГОВОР CL570250950 ОТ 21.08.2026, СЧЕТ 8-11753-2357858/26 ОТ 21.08.2026 УСЛУГИ ПО СТРАХ ИМУЩЕСТВА(ПРЕМИЯ ПО ПОЛИСУ XXX 0686826102) НДС0.00";2026-08-24;Закупка внесена в подтверждённые желания и убрана из этого столбца;9604.87;9604.87;Договор разовый или накопительный поэтому 0;;9604.87;Услуги;1. Техническое оснащение деятельности штаба;1. Техническое оснащение деятельности штаба;Услуги по доставке;Прочие материальные затраты;Москва;;Россия;3;;;;;Нет;Нет;Да;Да;Да;Да;Да;уже заказали;9604.87;9604.87;ЭТО НЕ ЕЖЕМЕСЯЧНЫЙ ПЛАТЁЖ;Уже заказано;ЭТО РЕАЛЬНЫЕ РАСХОДЫ;9604.87;Услуги;0;;489 от 24.08.2026;2026-08-24;8;;;;;;;200024;ДОГОВОР CL570250950 от 21.08.2026;Нет данных;;Услуги;
131;Техническое оснащение деятельности штаба;Разовый;86;1;Приобретение деталей системы охлаждения автомобиля Камаз К618НТ197;Приобретение деталей системы охлаждения автомобиля Камаз К618НТ197;ГОЛИЧКОВ АЛЕКСАНДР ВЛАДИМИРОВИЧ;1;;2400;2400;True;2400;2400;2400;0;772318222771;АВАНСОВЫЙ ОТЧЕТ 58;01.09.2026;541;"(711К0232001;0300022) СОГЛАШЕНИЕ 091-10-2026-008 ОТ 28.01.2026 АВАНСОВЫЙ ОТЧЕТ 58 ОТ 01.09.2026 ПРОЧИЕ МАТЕРИАЛЬНЫЕ ЗАТРАТЫ (КОМПЕНСАЦИЯ ЗА ПРИОБРЕТЕНИЕ ЗАПАСНЫХ ЧАСТЕЙ ДЛЯ СЛУЖЕБНОГО АВТО) НДС0.00";2026-09-08;Закупка внесена в подтверждённые желания и убрана из этого столбца;2400;2400;Договор разовый или накопительный поэтому 0;;2400;Товары;1. Техническое оснащение деятельности штаба;1. Техническое оснащение деятельности штаба;Ремонт техники;Прочие материальные затраты;Москва;;Россия;3;;;;;Нет;Нет;Да;Да;Да;Да;Да;уже заказали;2400;2400;ЭТО НЕ ЕЖЕМЕСЯЧНЫЙ ПЛАТЁЖ;Уже заказано;ЭТО РЕАЛЬНЫЕ РАСХОДЫ;2400;0;Товары;;541 от 08.09.2026;2026-09-08;9;;;;;;;300022;АВАНСОВЫЙ ОТЧЕТ 58 от 01.09.2026;АВАНСОВЫЙ ОТЧЕТ 58 ОТ 01.09.2026;;Услуги;
132;Техническое оснащение деятельности штаба;Рамочный накопительный;3;5;ТЕХНИЧЕСКОЕ ОБСЛУЖИВАНИЕ И РЕМОНТ АВТОМОБИЛЯ;Фильтр масляный. Двигатель. Замена;"ОБЩЕСТВО С ОГРАНИЧЕННОЙ ОТВЕТСТВЕННОСТЬЮ ""ЦЕНТРАВТО""";1;;962.5;962.5;True;962.5;962.5;89360.02;505859.86;9721083909;РЕЕСТР ДОК.-ОСН. 548;10.09.2026;548;"(711К0232001;0200014) СОГЛАШЕНИЕ 091-10-2026-008 ОТ 28.01.2026 РЕЕСТР ДОК.-ОСН. 548 ОТ 10.09.2026 РЕМОНТ (ТЕХНИЧЕСКОЕ ОБСЛУЖИВАНИЕ И РЕМОНТ АВТОМОБИЛЯ) НДС4255.30";2026-09-10;Закупка внесена в подтверждённые желания и убрана из этого столбца;962.5;962.5;Договор разовый или накопительный поэтому 0;;962.5;Услуги;1. Техническое оснащение деятельности штаба;1. Техническое оснащение деятельности штаба;Ремонт техники;Услуги по ремонту автомобиля;;Неконкурентная закупка;Россия;3;;;;;Нет;Нет;Да;Да;Да;Да;Да;уже заказали;962.5;962.5;ЭТО НЕ ЕЖЕМЕСЯЧНЫЙ ПЛАТЁЖ;Уже заказано;ЭТО РЕАЛЬНЫЕ РАСХОДЫ;962.5;Услуги;0;;;;12;;;;;;;;;;;;
133;Техническое оснащение деятельности штаба;Рамочный накопительный;3;5;ТЕХНИЧЕСКОЕ ОБСЛУЖИВАНИЕ И РЕМОНТ АВТОМОБИЛЯ;Фильтр воздушный. Замена;"ОБЩЕСТВО С ОГРАНИЧЕННОЙ ОТВЕТСТВЕННОСТЬЮ ""ЦЕНТРАВТО""";1;;721.88;721.88;True;721.88;721.88;89360.02;505859.86;9721083909;РЕЕСТР ДОК.-ОСН. 548;10.09.2026;548;"(711К0232001;0200014) СОГЛАШЕНИЕ 091-10-2026-008 ОТ 28.01.2026 РЕЕСТР ДОК.-ОСН. 548 ОТ 10.09.2026 РЕМОНТ (ТЕХНИЧЕСКОЕ ОБСЛУЖИВАНИЕ И РЕМОНТ АВТОМОБИЛЯ) НДС4255.30";2026-09-10;Закупка внесена в подтверждённые желания и убрана из этого столбца;721.88;721.88;Договор разовый или накопительный поэтому 0;;721.88;Услуги;1. Техническое оснащение деятельности штаба;1. Техническое оснащение деятельности штаба;Ремонт техники;Услуги по ремонту автомобиля;;Неконкурентная закупка;Россия;3;;;;;Нет;Нет;Да;Да;Да;Да;Да;уже заказали;721.88;721.88;ЭТО НЕ ЕЖЕМЕСЯЧНЫЙ ПЛАТЁЖ;Уже заказано;ЭТО РЕАЛЬНЫЕ РАСХОДЫ;721.88;Услуги;0;;;;12;;;;;;;;;;;;
134;Техническое оснащение деятельности штаба;Рамочный накопительный;3;5;ТЕХНИЧЕСКОЕ ОБСЛУЖИВАНИЕ И РЕМОНТ АВТОМОБИЛЯ;Диагностика ходовой части автомобиля.;"ОБЩЕСТВО С ОГРАНИЧЕННОЙ ОТВЕТСТВЕННОСТЬЮ ""ЦЕНТРАВТО""";1;;3031.88;3031.88;True;3031.88;3031.88;89360.02;505859.86;9721083909;РЕЕСТР ДОК.-ОСН. 548;10.09.2026;548;"(711К0232001;0200014) СОГЛАШЕНИЕ 091-10-2026-008 ОТ 28.01.2026 РЕЕСТР ДОК.-ОСН. 548 ОТ 10.09.2026 РЕМОНТ (ТЕХНИЧЕСКОЕ ОБСЛУЖИВАНИЕ И РЕМОНТ АВТОМОБИЛЯ) НДС4255.30";2026-09-10;Закупка внесена в подтверждённые желания и убрана из этого столбца;3031.88;3031.88;Договор разовый или накопительный поэтому 0;;3031.88;Услуги;1. Техническое оснащение деятельности штаба;1. Техническое оснащение деятельности штаба;Ремонт техники;Услуги по ремонту автомобиля;;Неконкурентная закупка;Россия;3;;;;;Нет;Нет;Да;Да;Да;Да;Да;уже заказали;3031.88;3031.88;ЭТО НЕ ЕЖЕМЕСЯЧНЫЙ ПЛАТЁЖ;Уже заказано;ЭТО РЕАЛЬНЫЕ РАСХОДЫ;3031.88;Услуги;0;;;;12;;;;;;;;;;;;
135;Техническое оснащение деятельности штаба;Рамочный накопительный;3;5;ТЕХНИЧЕСКОЕ ОБСЛУЖИВАНИЕ И РЕМОНТ АВТОМОБИЛЯ;Диагностика тормозной системы автомобиля.;"ОБЩЕСТВО С ОГРАНИЧЕННОЙ ОТВЕТСТВЕННОСТЬЮ ""ЦЕНТРАВТО""";1;;3031.88;3031.88;True;3031.88;3031.88;89360.02;505859.86;9721083909;РЕЕСТР ДОК.-ОСН. 548;10.09.2026;548;"(711К0232001;0200014) СОГЛАШЕНИЕ 091-10-2026-008 ОТ 28.01.2026 РЕЕСТР ДОК.-ОСН. 548 ОТ 10.09.2026 РЕМОНТ (ТЕХНИЧЕСКОЕ ОБСЛУЖИВАНИЕ И РЕМОНТ АВТОМОБИЛЯ) НДС4255.30";2026-09-10;Закупка внесена в подтверждённые желания и убрана из этого столбца;3031.88;3031.88;Договор разовый или накопительный поэтому 0;;3031.88;Услуги;1. Техническое оснащение деятельности штаба;1. Техническое оснащение деятельности штаба;Ремонт техники;Услуги по ремонту автомобиля;;Неконкурентная закупка;Россия;3;;;;;Нет;Нет;Да;Да;Да;Да;Да;уже заказали;3031.88;3031.88;ЭТО НЕ ЕЖЕМЕСЯЧНЫЙ ПЛАТЁЖ;Уже заказано;ЭТО РЕАЛЬНЫЕ РАСХОДЫ;3031.88;Услуги;0;;;;12;;;;;;;;;;;;
136;Техническое оснащение деятельности штаба;Рамочный накопительный;3;5;ТЕХНИЧЕСКОЕ ОБСЛУЖИВАНИЕ И РЕМОНТ АВТОМОБИЛЯ;Слесарные работы.;"ОБЩЕСТВО С ОГРАНИЧЕННОЙ ОТВЕТСТВЕННОСТЬЮ ""ЦЕНТРАВТО""";1;;8181.25;8181.25;True;8181.25;8181.25;89360.02;505859.86;9721083909;РЕЕСТР ДОК.-ОСН. 548;10.09.2026;548;"(711К0232001;0200014) СОГЛАШЕНИЕ 091-10-2026-008 ОТ 28.01.2026 РЕЕСТР ДОК.-ОСН. 548 ОТ 10.09.2026 РЕМОНТ (ТЕХНИЧЕСКОЕ ОБСЛУЖИВАНИЕ И РЕМОНТ АВТОМОБИЛЯ) НДС4255.30";2026-09-10;Закупка внесена в подтверждённые желания и убрана из этого столбца;8181.25;8181.25;Договор разовый или накопительный поэтому 0;;8181.25;Услуги;1. Техническое оснащение деятельности штаба;1. Техническое оснащение деятельности штаба;Ремонт техники;Услуги по ремонту автомобиля;;Неконкурентная закупка;Россия;3;;;;;Нет;Нет;Да;Да;Да;Да;Да;уже заказали;8181.25;8181.25;ЭТО НЕ ЕЖЕМЕСЯЧНЫЙ ПЛАТЁЖ;Уже заказано;ЭТО РЕАЛЬНЫЕ РАСХОДЫ;8181.25;Услуги;0;;;;12;;;;;;;;;;;;
137;Техническое оснащение деятельности штаба;Рамочный накопительный;3;5;ТЕХНИЧЕСКОЕ ОБСЛУЖИВАНИЕ И РЕМОНТ АВТОМОБИЛЯ;Обслуживание тормозных механизмов передней оси;"ОБЩЕСТВО С ОГРАНИЧЕННОЙ ОТВЕТСТВЕННОСТЬЮ ""ЦЕНТРАВТО""";1;;3850;3850;True;3850;3850;89360.02;505859.86;9721083909;РЕЕСТР ДОК.-ОСН. 548;10.09.2026;548;"(711К0232001;0200014) СОГЛАШЕНИЕ 091-10-2026-008 ОТ 28.01.2026 РЕЕСТР ДОК.-ОСН. 548 ОТ 10.09.2026 РЕМОНТ (ТЕХНИЧЕСКОЕ ОБСЛУЖИВАНИЕ И РЕМОНТ АВТОМОБИЛЯ) НДС4255.30";2026-09-10;Закупка внесена в подтверждённые желания и убрана из этого столбца;3850;3850;Договор разовый или накопительный поэтому 0;;3850;Услуги;1. Техническое оснащение деятельности штаба;1. Техническое оснащение деятельности штаба;Ремонт техники;Услуги по ремонту автомобиля;;Неконкурентная закупка;Россия;3;;;;;Нет;Нет;Да;Да;Да;Да;Да;уже заказали;3850;3850;ЭТО НЕ ЕЖЕМЕСЯЧНЫЙ ПЛАТЁЖ;Уже заказано;ЭТО РЕАЛЬНЫЕ РАСХОДЫ;3850;Услуги;0;;;;12;;;;;;;;;;;;
138;Техническое оснащение деятельности штаба;Рамочный накопительный;3;5;ТЕХНИЧЕСКОЕ ОБСЛУЖИВАНИЕ И РЕМОНТ АВТОМОБИЛЯ;Обслуживание тормозных механизмов задней оси;"ОБЩЕСТВО С ОГРАНИЧЕННОЙ ОТВЕТСТВЕННОСТЬЮ ""ЦЕНТРАВТО""";1;;3850;3850;True;3850;3850;89360.02;505859.86;9721083909;РЕЕСТР ДОК.-ОСН. 548;10.09.2026;548;"(711К0232001;0200014) СОГЛАШЕНИЕ 091-10-2026-008 ОТ 28.01.2026 РЕЕСТР ДОК.-ОСН. 548 ОТ 10.09.2026 РЕМОНТ (ТЕХНИЧЕСКОЕ ОБСЛУЖИВАНИЕ И РЕМОНТ АВТОМОБИЛЯ) НДС4255.30";2026-09-10;Закупка внесена в подтверждённые желания и убрана из этого столбца;3850;3850;Договор разовый или накопительный поэтому 0;;3850;Услуги;1. Техническое оснащение деятельности штаба;1. Техническое оснащение деятельности штаба;Ремонт техники;Услуги по ремонту автомобиля;;Неконкурентная закупка;Россия;3;;;;;Нет;Нет;Да;Да;Да;Да;Да;уже заказали;3850;3850;ЭТО НЕ ЕЖЕМЕСЯЧНЫЙ ПЛАТЁЖ;Уже заказано;ЭТО РЕАЛЬНЫЕ РАСХОДЫ;3850;Услуги;0;;;;12;;;;;;;;;;;;
139;Техническое оснащение деятельности штаба;Рамочный накопительный;3;5;ТЕХНИЧЕСКОЕ ОБСЛУЖИВАНИЕ И РЕМОНТ АВТОМОБИЛЯ;Колодки тормозные. Задние с EPB. Снять и установить.;"ОБЩЕСТВО С ОГРАНИЧЕННОЙ ОТВЕТСТВЕННОСТЬЮ ""ЦЕНТРАВТО""";1;;4812.5;4812.5;True;4812.5;4812.5;89360.02;505859.86;9721083909;РЕЕСТР ДОК.-ОСН. 548;10.09.2026;548;"(711К0232001;0200014) СОГЛАШЕНИЕ 091-10-2026-008 ОТ 28.01.2026 РЕЕСТР ДОК.-ОСН. 548 ОТ 10.09.2026 РЕМОНТ (ТЕХНИЧЕСКОЕ ОБСЛУЖИВАНИЕ И РЕМОНТ АВТОМОБИЛЯ) НДС4255.30";2026-09-10;Закупка внесена в подтверждённые желания и убрана из этого столбца;4812.5;4812.5;Договор разовый или накопительный поэтому 0;;4812.5;Услуги;1. Техническое оснащение деятельности штаба;1. Техническое оснащение деятельности штаба;Ремонт техники;Услуги по ремонту автомобиля;;Неконкурентная закупка;Россия;3;;;;;Нет;Нет;Да;Да;Да;Да;Да;уже заказали;4812.5;4812.5;ЭТО НЕ ЕЖЕМЕСЯЧНЫЙ ПЛАТЁЖ;Уже заказано;ЭТО РЕАЛЬНЫЕ РАСХОДЫ;4812.5;Услуги;0;;;;12;;;;;;;;;;;;
140;Техническое оснащение деятельности штаба;Рамочный накопительный;3;5;ТЕХНИЧЕСКОЕ ОБСЛУЖИВАНИЕ И РЕМОНТ АВТОМОБИЛЯ;2074 28 Комплект расходных материалов;"ОБЩЕСТВО С ОГРАНИЧЕННОЙ ОТВЕТСТВЕННОСТЬЮ ""ЦЕНТРАВТО""";1;;767.5;767.5;True;767.5;767.5;89360.02;505859.86;9721083909;РЕЕСТР ДОК.-ОСН. 548;10.09.2026;548;"(711К0232001;0200014) СОГЛАШЕНИЕ 091-10-2026-008 ОТ 28.01.2026 РЕЕСТР ДОК.-ОСН. 548 ОТ 10.09.2026 РЕМОНТ (ТЕХНИЧЕСКОЕ ОБСЛУЖИВАНИЕ И РЕМОНТ АВТОМОБИЛЯ) НДС4255.30";2026-09-10;Закупка внесена в подтверждённые желания и убрана из этого столбца;767.5;767.5;Договор разовый или накопительный поэтому 0;;767.5;Услуги;1. Техническое оснащение деятельности штаба;1. Техническое оснащение деятельности штаба;Ремонт техники;Услуги по ремонту автомобиля;;Неконкурентная закупка;Россия;3;;;;;Нет;Нет;Да;Да;Да;Да;Да;уже заказали;767.5;767.5;ЭТО НЕ ЕЖЕМЕСЯЧНЫЙ ПЛАТЁЖ;Уже заказано;ЭТО РЕАЛЬНЫЕ РАСХОДЫ;767.5;Услуги;0;;;;12;;;;;;;;;;;;
141;Техническое оснащение деятельности штаба;Рамочный накопительный;3;5;ТЕХНИЧЕСКОЕ ОБСЛУЖИВАНИЕ И РЕМОНТ АВТОМОБИЛЯ;Масло моторное LUBREX 5W-30 GTR (C3) VELOCITY NANO;"ОБЩЕСТВО С ОГРАНИЧЕННОЙ ОТВЕТСТВЕННОСТЬЮ ""ЦЕНТРАВТО""";1;;16875;16875;True;16875;16875;89360.02;505859.86;9721083909;РЕЕСТР ДОК.-ОСН. 548;10.09.2026;548;"(711К0232001;0200014) СОГЛАШЕНИЕ 091-10-2026-008 ОТ 28.01.2026 РЕЕСТР ДОК.-ОСН. 548 ОТ 10.09.2026 РЕМОНТ (ТЕХНИЧЕСКОЕ ОБСЛУЖИВАНИЕ И РЕМОНТ АВТОМОБИЛЯ) НДС4255.30";2026-09-10;Закупка внесена в подтверждённые желания и убрана из этого столбца;16875;16875;Договор разовый или накопительный поэтому 0;;16875;Услуги;1. Техническое оснащение деятельности штаба;1. Техническое оснащение деятельности штаба;Ремонт техники;Услуги по ремонту автомобиля;;Неконкурентная закупка;Россия;3;;;;;Нет;Нет;Да;Да;Да;Да;Да;уже заказали;16875;16875;ЭТО НЕ ЕЖЕМЕСЯЧНЫЙ ПЛАТЁЖ;Уже заказано;ЭТО РЕАЛЬНЫЕ РАСХОДЫ;16875;Услуги;0;;;;12;;;;;;;;;;;;
142;Техническое оснащение деятельности штаба;Рамочный накопительный;3;5;ТЕХНИЧЕСКОЕ ОБСЛУЖИВАНИЕ И РЕМОНТ АВТОМОБИЛЯ;фильтр масляный;"ОБЩЕСТВО С ОГРАНИЧЕННОЙ ОТВЕТСТВЕННОСТЬЮ ""ЦЕНТРАВТО""";1;;883.75;883.75;True;883.75;883.75;89360.02;505859.86;9721083909;РЕЕСТР ДОК.-ОСН. 548;10.09.2026;548;"(711К0232001;0200014) СОГЛАШЕНИЕ 091-10-2026-008 ОТ 28.01.2026 РЕЕСТР ДОК.-ОСН. 548 ОТ 10.09.2026 РЕМОНТ (ТЕХНИЧЕСКОЕ ОБСЛУЖИВАНИЕ И РЕМОНТ АВТОМОБИЛЯ) НДС4255.30";2026-09-10;Закупка внесена в подтверждённые желания и убрана из этого столбца;883.75;883.75;Договор разовый или накопительный поэтому 0;;883.75;Услуги;1. Техническое оснащение деятельности штаба;1. Техническое оснащение деятельности штаба;Ремонт техники;Услуги по ремонту автомобиля;;Неконкурентная закупка;Россия;3;;;;;Нет;Нет;Да;Да;Да;Да;Да;уже заказали;883.75;883.75;ЭТО НЕ ЕЖЕМЕСЯЧНЫЙ ПЛАТЁЖ;Уже заказано;ЭТО РЕАЛЬНЫЕ РАСХОДЫ;883.75;Услуги;0;;;;12;;;;;;;;;;;;
143;Техническое оснащение деятельности штаба;Рамочный накопительный;3;5;ТЕХНИЧЕСКОЕ ОБСЛУЖИВАНИЕ И РЕМОНТ АВТОМОБИЛЯ;прокладка сливной пробки поддона;"ОБЩЕСТВО С ОГРАНИЧЕННОЙ ОТВЕТСТВЕННОСТЬЮ ""ЦЕНТРАВТО""";1;;213.75;213.75;True;213.75;213.75;89360.02;505859.86;9721083909;РЕЕСТР ДОК.-ОСН. 548;10.09.2026;548;"(711К0232001;0200014) СОГЛАШЕНИЕ 091-10-2026-008 ОТ 28.01.2026 РЕЕСТР ДОК.-ОСН. 548 ОТ 10.09.2026 РЕМОНТ (ТЕХНИЧЕСКОЕ ОБСЛУЖИВАНИЕ И РЕМОНТ АВТОМОБИЛЯ) НДС4255.30";2026-09-10;Закупка внесена в подтверждённые желания и убрана из этого столбца;213.75;213.75;Договор разовый или накопительный поэтому 0;;213.75;Услуги;1. Техническое оснащение деятельности штаба;1. Техническое оснащение деятельности штаба;Ремонт техники;Услуги по ремонту автомобиля;;Неконкурентная закупка;Россия;3;;;;;Нет;Нет;Да;Да;Да;Да;Да;уже заказали;213.75;213.75;ЭТО НЕ ЕЖЕМЕСЯЧНЫЙ ПЛАТЁЖ;Уже заказано;ЭТО РЕАЛЬНЫЕ РАСХОДЫ;213.75;Услуги;0;;;;12;;;;;;;;;;;;
144;Техническое оснащение деятельности штаба;Рамочный накопительный;3;5;ТЕХНИЧЕСКОЕ ОБСЛУЖИВАНИЕ И РЕМОНТ АВТОМОБИЛЯ;фильтр воздушный;"ОБЩЕСТВО С ОГРАНИЧЕННОЙ ОТВЕТСТВЕННОСТЬЮ ""ЦЕНТРАВТО""";1;;2341.25;2341.25;True;2341.25;2341.25;89360.02;505859.86;9721083909;РЕЕСТР ДОК.-ОСН. 548;10.09.2026;548;"(711К0232001;0200014) СОГЛАШЕНИЕ 091-10-2026-008 ОТ 28.01.2026 РЕЕСТР ДОК.-ОСН. 548 ОТ 10.09.2026 РЕМОНТ (ТЕХНИЧЕСКОЕ ОБСЛУЖИВАНИЕ И РЕМОНТ АВТОМОБИЛЯ) НДС4255.30";2026-09-10;Закупка внесена в подтверждённые желания и убрана из этого столбца;2341.25;2341.25;Договор разовый или накопительный поэтому 0;;2341.25;Услуги;1. Техническое оснащение деятельности штаба;1. Техническое оснащение деятельности штаба;Ремонт техники;Услуги по ремонту автомобиля;;Неконкурентная закупка;Россия;3;;;;;Нет;Нет;Да;Да;Да;Да;Да;уже заказали;2341.25;2341.25;ЭТО НЕ ЕЖЕМЕСЯЧНЫЙ ПЛАТЁЖ;Уже заказано;ЭТО РЕАЛЬНЫЕ РАСХОДЫ;2341.25;Услуги;0;;;;12;;;;;;;;;;;;
145;Техническое оснащение деятельности штаба;Рамочный накопительный;3;5;ТЕХНИЧЕСКОЕ ОБСЛУЖИВАНИЕ И РЕМОНТ АВТОМОБИЛЯ;колодки тормозные задние;"ОБЩЕСТВО С ОГРАНИЧЕННОЙ ОТВЕТСТВЕННОСТЬЮ ""ЦЕНТРАВТО""";1;;7806.25;7806.25;True;7806.25;7806.25;89360.02;505859.86;9721083909;РЕЕСТР ДОК.-ОСН. 548;10.09.2026;548;"(711К0232001;0200014) СОГЛАШЕНИЕ 091-10-2026-008 ОТ 28.01.2026 РЕЕСТР ДОК.-ОСН. 548 ОТ 10.09.2026 РЕМОНТ (ТЕХНИЧЕСКОЕ ОБСЛУЖИВАНИЕ И РЕМОНТ АВТОМОБИЛЯ) НДС4255.30";2026-09-10;Закупка внесена в подтверждённые желания и убрана из этого столбца;7806.25;7806.25;Договор разовый или накопительный поэтому 0;;7806.25;Услуги;1. Техническое оснащение деятельности штаба;1. Техническое оснащение деятельности штаба;Ремонт техники;Услуги по ремонту автомобиля;;Неконкурентная закупка;Россия;3;;;;;Нет;Нет;Да;Да;Да;Да;Да;уже заказали;7806.25;7806.25;ЭТО НЕ ЕЖЕМЕСЯЧНЫЙ ПЛАТЁЖ;Уже заказано;ЭТО РЕАЛЬНЫЕ РАСХОДЫ;7806.25;Услуги;0;;;;12;;;;;;;;;;;;
146;Техническое оснащение деятельности штаба;Рамочный накопительный;3;5;ТЕХНИЧЕСКОЕ ОБСЛУЖИВАНИЕ И РЕМОНТ АВТОМОБИЛЯ;211 19 смазка для суппортов;"ОБЩЕСТВО С ОГРАНИЧЕННОЙ ОТВЕТСТВЕННОСТЬЮ ""ЦЕНТРАВТО""";1;;1180;1180;True;1180;1180;89360.02;505859.86;9721083909;РЕЕСТР ДОК.-ОСН. 548;10.09.2026;548;"(711К0232001;0200014) СОГЛАШЕНИЕ 091-10-2026-008 ОТ 28.01.2026 РЕЕСТР ДОК.-ОСН. 548 ОТ 10.09.2026 РЕМОНТ (ТЕХНИЧЕСКОЕ ОБСЛУЖИВАНИЕ И РЕМОНТ АВТОМОБИЛЯ) НДС4255.30";2026-09-10;Закупка внесена в подтверждённые желания и убрана из этого столбца;1180;1180;Договор разовый или накопительный поэтому 0;;1180;Услуги;1. Техническое оснащение деятельности штаба;1. Техническое оснащение деятельности штаба;Ремонт техники;Услуги по ремонту автомобиля;;Неконкурентная закупка;Россия;3;;;;;Нет;Нет;Да;Да;Да;Да;Да;уже заказали;1180;1180;ЭТО НЕ ЕЖЕМЕСЯЧНЫЙ ПЛАТЁЖ;Уже заказано;ЭТО РЕАЛЬНЫЕ РАСХОДЫ;1180;Услуги;0;;;;12;;;;;;;;;;;;
147;Техническое оснащение деятельности штаба;Рамочный накопительный;75;1;ТЕХНИЧЕСКОЕ ОБСЛУЖИВАНИЕ И РЕМОНТ АВТОМОБИЛЯ;Углы установки колес (внедорожники,микроавтобуы)-регулировка;"ОБЩЕСТВО С ОГРАНИЧЕННОЙ ОТВЕТСТВЕННОСТЬЮ ""РИТЕЙЛ- ГРУПП""";1;;3390;3390;True;3390;3390;3390;0;6167138663;Нет данных;Нет данных;Платёж не проходил;Не обнаружено;Платёж не проходил;Закупка внесена в подтверждённые желания и убрана из этого столбца;3390;3390;Договор разовый или накопительный поэтому 0;;3390;Услуги;1. Техническое оснащение деятельности штаба;1. Техническое оснащение деятельности штаба;Ремонт техники;Услуги по ремонту автомобиля;;Неконкурентная закупка;Россия;3;;;;;Нет;Нет;Да;Да;Да;Да;Нет;уже заказали;3390;3390;ЭТО НЕ ЕЖЕМЕСЯЧНЫЙ ПЛАТЁЖ;Уже заказано;ЭТО РЕАЛЬНЫЕ РАСХОДЫ;ещё не платили;Услуги;0;;;;12;;;;;;;;;;;;
148;Техническое оснащение деятельности штаба;Рамочный накопительный;75;2;ТЕХНИЧЕСКОЕ ОБСЛУЖИВАНИЕ И РЕМОНТ АВТОМОБИЛЯ;Масло и масляный фильтр - замена;"ОБЩЕСТВО С ОГРАНИЧЕННОЙ ОТВЕТСТВЕННОСТЬЮ ""РИТЕЙЛ- ГРУПП""";1;;1500;1500;True;1500;1500;15656;0;6167138663;Нет данных;Нет данных;Платёж не проходил;Не обнаружено;Платёж не проходил;Закупка внесена в подтверждённые желания и убрана из этого столбца;1500;1500;Договор разовый или накопительный поэтому 0;;1500;Услуги;1. Техническое оснащение деятельности штаба;1. Техническое оснащение деятельности штаба;Ремонт техники;Услуги по ремонту автомобиля;;Неконкурентная закупка;Россия;3;;;;;Нет;Нет;Да;Да;Да;Да;Нет;уже заказали;1500;1500;ЭТО НЕ ЕЖЕМЕСЯЧНЫЙ ПЛАТЁЖ;Уже заказано;ЭТО РЕАЛЬНЫЕ РАСХОДЫ;ещё не платили;Услуги;0;;;;12;;;;;;;;;;;;
149;Техническое оснащение деятельности штаба;Рамочный накопительный;75;2;ТЕХНИЧЕСКОЕ ОБСЛУЖИВАНИЕ И РЕМОНТ АВТОМОБИЛЯ;Элемент фильтрующий воздушного фильтра - снятие и установка;"ОБЩЕСТВО С ОГРАНИЧЕННОЙ ОТВЕТСТВЕННОСТЬЮ ""РИТЕЙЛ- ГРУПП""";1;;750;750;True;750;750;15656;0;6167138663;Нет данных;Нет данных;Платёж не проходил;Не обнаружено;Платёж не проходил;Закупка внесена в подтверждённые желания и убрана из этого столбца;750;750;Договор разовый или накопительный поэтому 0;;750;Услуги;1. Техническое оснащение деятельности штаба;1. Техническое оснащение деятельности штаба;Ремонт техники;Услуги по ремонту автомобиля;;Неконкурентная закупка;Россия;3;;;;;Нет;Нет;Да;Да;Да;Да;Нет;уже заказали;750;750;ЭТО НЕ ЕЖЕМЕСЯЧНЫЙ ПЛАТЁЖ;Уже заказано;ЭТО РЕАЛЬНЫЕ РАСХОДЫ;ещё не платили;Услуги;0;;;;12;;;;;;;;;;;;
150;Техническое оснащение деятельности штаба;Рамочный накопительный;75;2;ТЕХНИЧЕСКОЕ ОБСЛУЖИВАНИЕ И РЕМОНТ АВТОМОБИЛЯ;Фильтр салонный - снятие и установка;"ОБЩЕСТВО С ОГРАНИЧЕННОЙ ОТВЕТСТВЕННОСТЬЮ ""РИТЕЙЛ- ГРУПП""";1;;1050;1050;True;1050;1050;15656;0;6167138663;Нет данных;Нет данных;Платёж не проходил;Не обнаружено;Платёж не проходил;Закупка внесена в подтверждённые желания и убрана из этого столбца;1050;1050;Договор разовый или накопительный поэтому 0;;1050;Услуги;1. Техническое оснащение деятельности штаба;1. Техническое оснащение деятельности штаба;Ремонт техники;Услуги по ремонту автомобиля;;Неконкурентная закупка;Россия;3;;;;;Нет;Нет;Да;Да;Да;Да;Нет;уже заказали;1050;1050;ЭТО НЕ ЕЖЕМЕСЯЧНЫЙ ПЛАТЁЖ;Уже заказано;ЭТО РЕАЛЬНЫЕ РАСХОДЫ;ещё не платили;Услуги;0;;;;12;;;;;;;;;;;;
151;Техническое оснащение деятельности штаба;Рамочный накопительный;75;2;ТЕХНИЧЕСКОЕ ОБСЛУЖИВАНИЕ И РЕМОНТ АВТОМОБИЛЯ;Диагностика ходовой части;"ОБЩЕСТВО С ОГРАНИЧЕННОЙ ОТВЕТСТВЕННОСТЬЮ ""РИТЕЙЛ- ГРУПП""";1;;975;975;True;975;975;15656;0;6167138663;Нет данных;Нет данных;Платёж не проходил;Не обнаружено;Платёж не проходил;Закупка внесена в подтверждённые желания и убрана из этого столбца;975;975;Договор разовый или накопительный поэтому 0;;975;Услуги;1. Техническое оснащение деятельности штаба;1. Техническое оснащение деятельности штаба;Ремонт техники;Услуги по ремонту автомобиля;;Неконкурентная закупка;Россия;3;;;;;Нет;Нет;Да;Да;Да;Да;Нет;уже заказали;975;975;ЭТО НЕ ЕЖЕМЕСЯЧНЫЙ ПЛАТЁЖ;Уже заказано;ЭТО РЕАЛЬНЫЕ РАСХОДЫ;ещё не платили;Услуги;0;;;;12;;;;;;;;;;;;
152;Техническое оснащение деятельности штаба;Рамочный накопительный;75;2;ТЕХНИЧЕСКОЕ ОБСЛУЖИВАНИЕ И РЕМОНТ АВТОМОБИЛЯ;Фильтр масляный;"ОБЩЕСТВО С ОГРАНИЧЕННОЙ ОТВЕТСТВЕННОСТЬЮ ""РИТЕЙЛ- ГРУПП""";1;;834;834;True;834;834;15656;0;6167138663;Нет данных;Нет данных;Платёж не проходил;Не обнаружено;Платёж не проходил;Закупка внесена в подтверждённые желания и убрана из этого столбца;834;834;Договор разовый или накопительный поэтому 0;;834;Услуги;1. Техническое оснащение деятельности штаба;1. Техническое оснащение деятельности штаба;Ремонт техники;Услуги по ремонту автомобиля;;Неконкурентная закупка;Россия;3;;;;;Нет;Нет;Да;Да;Да;Да;Нет;уже заказали;834;834;ЭТО НЕ ЕЖЕМЕСЯЧНЫЙ ПЛАТЁЖ;Уже заказано;ЭТО РЕАЛЬНЫЕ РАСХОДЫ;ещё не платили;Услуги;0;;;;12;;;;;;;;;;;;
153;Техническое оснащение деятельности штаба;Рамочный накопительный;75;2;ТЕХНИЧЕСКОЕ ОБСЛУЖИВАНИЕ И РЕМОНТ АВТОМОБИЛЯ;5W-40 FULL SYNTHETIC A3/B4 4л (синт. мотор. масло.);"ОБЩЕСТВО С ОГРАНИЧЕННОЙ ОТВЕТСТВЕННОСТЬЮ ""РИТЕЙЛ- ГРУПП""";1;;7528;7528;True;7528;7528;15656;0;6167138663;Нет данных;Нет данных;Платёж не проходил;Не обнаружено;Платёж не проходил;Закупка внесена в подтверждённые желания и убрана из этого столбца;7528;7528;Договор разовый или накопительный поэтому 0;;7528;Услуги;1. Техническое оснащение деятельности штаба;1. Техническое оснащение деятельности штаба;Ремонт техники;Услуги по ремонту автомобиля;;Неконкурентная закупка;Россия;3;;;;;Нет;Нет;Да;Да;Да;Да;Нет;уже заказали;7528;7528;ЭТО НЕ ЕЖЕМЕСЯЧНЫЙ ПЛАТЁЖ;Уже заказано;ЭТО РЕАЛЬНЫЕ РАСХОДЫ;ещё не платили;Услуги;0;;;;12;;;;;;;;;;;;
154;Техническое оснащение деятельности штаба;Рамочный накопительный;75;2;ТЕХНИЧЕСКОЕ ОБСЛУЖИВАНИЕ И РЕМОНТ АВТОМОБИЛЯ;5W-40 FULL SYNTHETIC A3/B4 1л (синт. мотор. масло.);"ОБЩЕСТВО С ОГРАНИЧЕННОЙ ОТВЕТСТВЕННОСТЬЮ ""РИТЕЙЛ- ГРУПП""";1;;1919;1919;True;1919;1919;15656;0;6167138663;Нет данных;Нет данных;Платёж не проходил;Не обнаружено;Платёж не проходил;Закупка внесена в подтверждённые желания и убрана из этого столбца;1919;1919;Договор разовый или накопительный поэтому 0;;1919;Услуги;1. Техническое оснащение деятельности штаба;1. Техническое оснащение деятельности штаба;Ремонт техники;Услуги по ремонту автомобиля;;Неконкурентная закупка;Россия;3;;;;;Нет;Нет;Да;Да;Да;Да;Нет;уже заказали;1919;1919;ЭТО НЕ ЕЖЕМЕСЯЧНЫЙ ПЛАТЁЖ;Уже заказано;ЭТО РЕАЛЬНЫЕ РАСХОДЫ;ещё не платили;Услуги;0;;;;12;;;;;;;;;;;;
155;Техническое оснащение деятельности штаба;Рамочный накопительный;75;2;ТЕХНИЧЕСКОЕ ОБСЛУЖИВАНИЕ И РЕМОНТ АВТОМОБИЛЯ;Фильтр воздушный;"ОБЩЕСТВО С ОГРАНИЧЕННОЙ ОТВЕТСТВЕННОСТЬЮ ""РИТЕЙЛ- ГРУПП""";1;;638;638;True;638;638;15656;0;6167138663;Нет данных;Нет данных;Платёж не проходил;Не обнаружено;Платёж не проходил;Закупка внесена в подтверждённые желания и убрана из этого столбца;638;638;Договор разовый или накопительный поэтому 0;;638;Услуги;1. Техническое оснащение деятельности штаба;1. Техническое оснащение деятельности штаба;Ремонт техники;Услуги по ремонту автомобиля;;Неконкурентная закупка;Россия;3;;;;;Нет;Нет;Да;Да;Да;Да;Нет;уже заказали;638;638;ЭТО НЕ ЕЖЕМЕСЯЧНЫЙ ПЛАТЁЖ;Уже заказано;ЭТО РЕАЛЬНЫЕ РАСХОДЫ;ещё не платили;Услуги;0;;;;12;;;;;;;;;;;;
156;Техническое оснащение деятельности штаба;Рамочный накопительный;75;2;ТЕХНИЧЕСКОЕ ОБСЛУЖИВАНИЕ И РЕМОНТ АВТОМОБИЛЯ;Фильтр салонный;"ОБЩЕСТВО С ОГРАНИЧЕННОЙ ОТВЕТСТВЕННОСТЬЮ ""РИТЕЙЛ- ГРУПП""";1;;462;462;True;462;462;15656;0;6167138663;Нет данных;Нет данных;Платёж не проходил;Не обнаружено;Платёж не проходил;Закупка внесена в подтверждённые желания и убрана из этого столбца;462;462;Договор разовый или накопительный поэтому 0;;462;Услуги;1. Техническое оснащение деятельности штаба;1. Техническое оснащение деятельности штаба;Ремонт техники;Услуги по ремонту автомобиля;;Неконкурентная закупка;Россия;3;;;;;Нет;Нет;Да;Да;Да;Да;Нет;уже заказали;462;462;ЭТО НЕ ЕЖЕМЕСЯЧНЫЙ ПЛАТЁЖ;Уже заказано;ЭТО РЕАЛЬНЫЕ РАСХОДЫ;ещё не платили;Услуги;0;;;;12;;;;;;;;;;;;
157;Техническое оснащение деятельности штаба;Рамочный накопительный;32;5;УСЛУГИ ДОСТАВКИ НВС-0479461;УСЛУГИ ДОСТАВКИ НВС-0479461;"ООО ""ЮГ-ЛОГИСТИКА""";1;;11270.19;11270.19;True;11270.19;11270.19;11270.19;295319.12;2315176820;ДОГОВОР ИМ-РФ-НВС-595;20.09.2021;491;"(711К0232001;0200006) СОГЛАШЕНИЕ 091-10-2026-008 ОТ 28.01.2026 ДОГОВОР ИМ-РФ-НВС-595 ОТ 20.09.2021, УПД НВС-0021424 ОТ 31.07.2026 ПЛАТА ЗА ПЕРЕВ ГРУЗ ПО ДОГОВ ПЕРЕВ (УСЛУГИ ДОСТАВКИ НВС-0479461) НДС737.30";2026-08-25;Закупка внесена в подтверждённые желания и убрана из этого столбца;11270.19;11270.19;Договор разовый или накопительный поэтому 0;;11270.19;Услуги;1. Техническое оснащение деятельности штаба;1. Техническое оснащение деятельности штаба;Услуги телефонии;Услуги связи;;Неконкурентная закупка;Россия;3;;;;;Нет;Нет;Да;Да;Да;Да;Да;уже заказали;11270.19;11270.19;ЭТО НЕ ЕЖЕМЕСЯЧНЫЙ ПЛАТЁЖ;Уже заказано;ЭТО РЕАЛЬНЫЕ РАСХОДЫ;11270.19;Услуги;0;;491 от 25.08.2026;20.09.2021;9;;;;;;;200006;ДОГОВОР ИМ-РФ-НВС-595 от 20.09.2021;УПД НВС-0021424 ОТ 31.07.2026;;Услуги;
158;Техническое оснащение деятельности штаба;Разовый;32;6;УСЛУГИ ДОСТАВКИ НВС-0486709;УСЛУГИ ДОСТАВКИ НВС-0486709;"ООО ""ЮГ-ЛОГИСТИКА""";1;;48935.05;48935.05;True;48935.05;48935.05;48935.05;0;2315176820;ДОГОВОР ИМ-РФ-НВС-595;20.09.2021;561;"(711К0232001;0200006) СОГЛАШЕНИЕ 091-10-2026-008 ОТ 28.01.2026 ДОГОВОР ИМ-РФ-НВС-595 ОТ 20.09.2021, УПД НВС-0029233 ОТ 02.09.2026 ПЛАТА ЗА ПЕРЕВ ГРУЗ ПО ДОГОВ ПЕРЕВ (УСЛУГИ ДОСТАВКИ НВС-0486709) НДС3201.36";2026-09-15;Закупка внесена в подтверждённые желания и убрана из этого столбца;48935.05;48935.05;Договор разовый или накопительный поэтому 0;;48935.05;Услуги;1. Техническое оснащение деятельности штаба;1. Техническое оснащение деятельности штаба;Услуги телефонии;Услуги связи;;Неконкурентная закупка;Россия;3;;;;;Нет;Нет;Да;Да;Да;Да;Да;уже заказали;48935.05;48935.05;ЭТО НЕ ЕЖЕМЕСЯЧНЫЙ ПЛАТЁЖ;Уже заказано;ЭТО РЕАЛЬНЫЕ РАСХОДЫ;48935.05;Услуги;0;;561 от 15.09.2026;20.09.2021;9;;;;;;;200006;ДОГОВОР ИМ-РФ-НВС-595 от 20.09.2021;УПД НВС-0029233 ОТ 02.09.2026;;Услуги;
159;Комплекс мероприятий, направленных на гражданско-патриотическое воспитание детей и молодежи;Рамочный накопительный;21;13;БРОНИРОВАНИЕ ГОСТИНИЦ;БРОНИРОВАНИЕ ГОСТИНИЦ;"ООО ""КОРПОРАТИВНЫЙ АЛЬЯНС ""ТУРНЕ-ТРАНС""";1;;19492;19492;True;19492;19492;19492;648904.12;3905605417;РЕЕСТР ДОК.-ОСН. 465;13.08.2026;465;"(711К0232001;0200032) СОГЛАШЕНИЕ 091-10-2026-008 ОТ 28.01.2026 РЕЕСТР ДОК.-ОСН. 465 ОТ 13.08.2026 ДР ВЫПЛ СВЯЗ С ЗАКУП УСЛУГ (БРОНИРОВАНИЕ ГОСТИНИЦ) НДС0.00";2026-08-13;Закупка внесена в подтверждённые желания и убрана из этого столбца;19492;19492;Договор разовый или накопительный поэтому 0;;19492;Услуги;4. Оказание услуг по транспортировке и проживанию сотрудников и добровольцев;2.Оказание услуг по проживанию сотрудников и добровольцев ВСКС;Оказание услуг по проживанию сотрудников и добровольцев ВСКС;Услуги связи;;Неконкурентная закупка;Россия;3;;;;;Нет;Нет;Да;Да;Да;Да;Да;уже заказали;19492;19492;ЭТО НЕ ЕЖЕМЕСЯЧНЫЙ ПЛАТЁЖ;Уже заказано;ЭТО РЕАЛЬНЫЕ РАСХОДЫ;19492;Услуги;0;;465 от 13.08.2026;2026-08-13;8;;;;;;;200032;РЕЕСТР ДОК.-ОСН. 465 от 13.08.2026;РЕЕСТР ДОК.-ОСН. 465 ОТ 13.08.2026;;Услуги;
160;Комплекс мероприятий, направленных на гражданско-патриотическое воспитание детей и молодежи;Рамочный накопительный;21;14;ОФОРМЛЕНИЕ БИЛЕТОВ, СЕРВИСНЫЙ СБОР;ОФОРМЛЕНИЕ БИЛЕТОВ, СЕРВИСНЫЙ СБОР;"ООО ""КОРПОРАТИВНЫЙ АЛЬЯНС ""ТУРНЕ-ТРАНС""";1;;62673.08;62673.08;True;62673.08;62673.08;62673.08;648904.12;3905605417;РЕЕСТР ДОК.-ОСН. 492;26.08.2026;492;"(711К0232001;0200007) СОГЛАШЕНИЕ 091-10-2026-008 ОТ 28.01.2026 РЕЕСТР ДОК.-ОСН. 492 ОТ 26.08.2026 ДРУГИЕ АНАЛОГИЧНЫЕ ВЫПЛАТЫ (ОФОРМЛЕНИЕ БИЛЕТОВ, СЕРВИСНЫЙ СБОР) ЧАСТИЧНАЯ ОПЛАТА НДС5618.17";2026-08-26;Закупка внесена в подтверждённые желания и убрана из этого столбца;62673.08;62673.08;Договор разовый или накопительный поэтому 0;;62673.08;Услуги;4. Оказание услуг по транспортировке и проживанию сотрудников и добровольцев;1. Оказание услуг по транспортировке сотрудников и добровольцев ВСКС;Оказание услуг по транспортировке сотрудников и добровольцев ВСКС;Услуги связи;;Неконкурентная закупка;Россия;3;;;;;Нет;Нет;Да;Да;Да;Да;Да;уже заказали;62673.08;62673.08;ЭТО НЕ ЕЖЕМЕСЯЧНЫЙ ПЛАТЁЖ;Уже заказано;ЭТО РЕАЛЬНЫЕ РАСХОДЫ;62673.08;Услуги;0;;492 от 26.08.2026;2026-08-26;8;;;;;;;200007;РЕЕСТР ДОК.-ОСН. 492 от 26.08.2026;РЕЕСТР ДОК.-ОСН. 492 ОТ 26.08.2026;;Услуги;
161;Комплекс мероприятий, направленных на гражданско-патриотическое воспитание детей и молодежи;Рамочный накопительный;11;15;БРОНИРОВАНИЕ ГОСТИНИЦ;БРОНИРОВАНИЕ ГОСТИНИЦ;"ООО ""КОРПОРАТИВНЫЙ АЛЬЯНС ""ТУРНЕ-ТРАНС""";1;;137298;137298;True;137298;137298;137298;0;3905605417;РЕЕСТР ДОК.-ОСН. 494;28.08.2026;494;"(711К0232001;0200032) СОГЛАШЕНИЕ 091-10-2026-008 ОТ 28.01.2026 РЕЕСТР ДОК.-ОСН. 494 ОТ 28.08.2026 ДР ВЫПЛ СВЯЗ С ЗАКУП УСЛУГ (БРОНИРОВАНИЕ ГОСТИНИЦ) ЧАСТИЧНАЯ ОПЛАТА НДС0.00";2026-08-28;Закупка внесена в подтверждённые желания и убрана из этого столбца;137298;137298;Договор разовый или накопительный поэтому 0;;137298;Услуги;4. Оказание услуг по транспортировке и проживанию сотрудников и добровольцев;2.Оказание услуг по проживанию сотрудников и добровольцев ВСКС;Оказание услуг по проживанию сотрудников и добровольцев ВСКС;Услуги связи;;Неконкурентная закупка;Россия;3;;;;;Нет;Нет;Да;Да;Да;Да;Да;уже заказали;137298;137298;ЭТО НЕ ЕЖЕМЕСЯЧНЫЙ ПЛАТЁЖ;Уже заказано;ЭТО РЕАЛЬНЫЕ РАСХОДЫ;137298;Услуги;0;;494 от 28.08.2026;2026-08-28;8;;;;;;;200032;РЕЕСТР ДОК.-ОСН. 494 от 28.08.2026;РЕЕСТР ДОК.-ОСН. 494 ОТ 28.08.2026;;Услуги;
162;Комплекс мероприятий, направленных на гражданско-патриотическое воспитание детей и молодежи;Рамочный накопительный;12;16;;ОФОРМЛЕНИЕ БИЛЕТОВ, СЕРВИСНЫЙ СБОР;"ООО ""КОРПОРАТИВНЫЙ АЛЬЯНС ""ТУРНЕ-ТРАНС""";1;;83668.24;83668.24;True;83668.24;83668.24;83668.24;0;3905605417;РЕЕСТР ДОК.-ОСН. 569;17.09.2026;569;"(711К0232001;0200007) СОГЛАШЕНИЕ 091-10-2026-008 ОТ 28.01.2026 РЕЕСТР ДОК.-ОСН. 569 ОТ 17.09.2026 ДРУГИЕ АНАЛОГИЧНЫЕ ВЫПЛАТЫ (ОФОРМЛЕНИЕ БИЛЕТОВ, СЕРВИСНЫЙ СБОР) ЧАСТИЧНАЯ ОПЛАТА НДС7359.52";2026-09-17;Закупка внесена в подтверждённые желания и убрана из этого столбца;83668.24;83668.24;Договор разовый или накопительный поэтому 0;;83668.24;Услуги;4. Оказание услуг по транспортировке и проживанию сотрудников и добровольцев;2.Оказание услуг по проживанию сотрудников и добровольцев ВСКС;Оказание услуг по проживанию сотрудников и добровольцев ВСКС;Услуги связи;;Неконкурентная закупка;Россия;3;;;;;Нет;Нет;Да;Да;Да;Да;Да;уже заказали;83668.24;83668.24;ЭТО НЕ ЕЖЕМЕСЯЧНЫЙ ПЛАТЁЖ;Уже заказано;ЭТО РЕАЛЬНЫЕ РАСХОДЫ;83668.24;Услуги;0;;569 от 17.09.2026;2026-09-17;9;;;;;;;200007;РЕЕСТР ДОК.-ОСН. 569 от 17.09.2026;РЕЕСТР ДОК.-ОСН. 569 ОТ 17.09.2026;;Услуги;
163;Комплекс мероприятий, направленных на гражданско-патриотическое воспитание детей и молодежи;Рамочный накопительный;12;17;;БРОНИРОВАНИЕ ГОСТИНИЦ;"ООО ""КОРПОРАТИВНЫЙ АЛЬЯНС ""ТУРНЕ-ТРАНС""";1;;16100;16100;True;16100;16100;16100;0;3905605417;РЕЕСТР ДОК.-ОСН. 570;17.09.2026;570;"(711К0232001;0200032) СОГЛАШЕНИЕ 091-10-2026-008 ОТ 28.01.2026 РЕЕСТР ДОК.-ОСН. 570 ОТ 17.09.2026 ДР ВЫПЛ СВЯЗ С ЗАКУП УСЛУГ (БРОНИРОВАНИЕ ГОСТИНИЦ) ЧАСТИЧНАЯ ОПЛАТА НДС0.00";2026-09-17;Закупка внесена в подтверждённые желания и убрана из этого столбца;16100;16100;Договор разовый или накопительный поэтому 0;;16100;Услуги;4. Оказание услуг по транспортировке и проживанию сотрудников и добровольцев;2.Оказание услуг по проживанию сотрудников и добровольцев ВСКС;Оказание услуг по проживанию сотрудников и добровольцев ВСКС;Услуги связи;;Неконкурентная закупка;Россия;3;;;;;Нет;Нет;Да;Да;Да;Да;Да;уже заказали;16100;16100;ЭТО НЕ ЕЖЕМЕСЯЧНЫЙ ПЛАТЁЖ;Уже заказано;ЭТО РЕАЛЬНЫЕ РАСХОДЫ;16100;Услуги;0;;570 от 17.09.2026;2026-09-17;9;;;;;;;200032;РЕЕСТР ДОК.-ОСН. 570 от 17.09.2026;РЕЕСТР ДОК.-ОСН. 570 ОТ 17.09.2026;;Услуги;
164;Техническое оснащение деятельности штаба;Рамочный накопительный;3;1;ТЕХНИЧЕСКОЕ ОБСЛУЖИВАНИЕ И РЕМОНТ АВТОМОБИЛЯ;Ремонт автомобиля;"ОБЩЕСТВО С ОГРАНИЧЕННОЙ ОТВЕТСТВЕННОСТЬЮ ""ЦЕНТРАВТО""";1;;111607.32;111607.32;True;111607.32;111607.32;111607.32;505859.86;9721083909;РЕЕСТР ДОК.-ОСН. 59;04.03.2026;59;"(711К0232001;0200014) СОГЛАШЕНИЕ 091-10-2026-008 ОТ 28.01.2026 РЕЕСТР ДОК.-ОСН. 59 ОТ 04.03.2026 РЕМОНТ (ТЕХНИЧЕСКОЕ ОБСЛУЖИВАНИЕ И РЕМОНТ АВТОМОБИЛЯ) НДС5314.61";2026-03-04;Закупка внесена в подтверждённые желания и убрана из этого столбца;111607.32;111607.32;Договор разовый или накопительный поэтому 0;;111607.32;Услуги;1. Техническое оснащение деятельности штаба;1. Техническое оснащение деятельности штаба;Ремонт техники;Услуги по ремонту автомобиля;;Неконкурентная закупка;Россия;3;;;;;Нет;Нет;Да;Да;Да;Да;Да;уже заказали;111607.32;111607.32;ЭТО НЕ ЕЖЕМЕСЯЧНЫЙ ПЛАТЁЖ;Уже заказано;ЭТО РЕАЛЬНЫЕ РАСХОДЫ;111607.32;Услуги;0;;;;12;;;;;;;;;;;;
165;Комплекс мероприятий, направленных на подготовку добровольцев в сфере предупреждения и ликвидации чрезвычайных ситуаций и практическое применение полученных ими навыков;Разовый;87;1;Изготовление футболок и свитшотов брендрованных;Изготовление футболок и свитшотов брендрованных;ИНДИВИДУАЛЬНЫЙ ПРЕДПРИНИМАТЕЛЬ МЕЛЬНИЧУК ВЯЧЕСЛАВ ГЕОРГИЕВИЧ;1;;33262;33262;True;33262;33262;33262;33262;772500056263;ДОГОВОР 17/07/1;17.07.2026;547;"(711К0232001;0200032) СОГЛАШЕНИЕ 091-10-2026-008 ОТ 28.01.2026 ДОГОВОР 17/07/1 ОТ 17.07.2026, УПД 68 ОТ 20.08.2026 ДР.АНАЛОГ. ВЫПЛ., СВЯЗАН. С ЗАКУПКОЙ УСЛУГ (НАНЕСЕНИЕ ВСКС НА СВИТШОТ И ТЕРМОС) НДС1583.91";2026-09-09;Закупка внесена в подтверждённые желания и убрана из этого столбца;33262;33262;Договор разовый или накопительный поэтому 0;;33262;Услуги;2. Организация мероприятий;3. Закупка комплекта форменной одежды для проведения торжественных мероприятий, направленных на гражданско-патриотическое воспитание молодого поколения, проведение занятий с различными категориями граждан, участие в ликвидации чрезвычайных ситуаций и их последствий, гуманитарных миссий и прочих;Футболка;Прочие материальные затраты;Москва;;Россия;2;;;;;Нет;Нет;Да;Да;Да;Да;Да;уже заказали;33262;33262;ЭТО НЕ ЕЖЕМЕСЯЧНЫЙ ПЛАТЁЖ;Уже заказано;ЭТО РЕАЛЬНЫЕ РАСХОДЫ;33262;Услуги;0;;547 от 09.09.2026;2026-07-01;7;;;;;;;200032;ДОГОВОР 17/07/1 от 17.07.2026;УПД 68 ОТ 20.08.2026;;Услуги;
166;Комплекс мероприятий, направленных на подготовку добровольцев в сфере предупреждения и ликвидации чрезвычайных ситуаций и практическое применение полученных ими навыков;Разовый;88;1;Изготовление шевронов для форменной одежды;Изготовление шевронов для форменной одежды;"ООО ""ГЛАВ ГРУПП""";1;;390000;390000;True;390000;390000;390000;390000;5009125194;ДОГОВОР 6;13.07.2026;487;"(711К0232001;0300022) СОГЛАШЕНИЕ 091-10-2026-008 ОТ 28.01.2026 ДОГОВОР 6 ОТ 13.07.2026, УПД 78 ОТ 03.08.2026 ПРОЧИЕ МАТЕРИАЛЬНЫЕ ЗАТРАТЫ (НАШИВКА ОТРЫВНАЯ С ЛИПУЧКОЙ) НДС0.00";2026-08-21;Закупка внесена в подтверждённые желания и убрана из этого столбца;390000;390000;Договор разовый или накопительный поэтому 0;;390000;Услуги;2. Организация мероприятий;3. Закупка комплекта форменной одежды для проведения торжественных мероприятий, направленных на гражданско-патриотическое воспитание молодого поколения, проведение занятий с различными категориями граждан, участие в ликвидации чрезвычайных ситуаций и их последствий, гуманитарных миссий и прочих;Футболка;Прочие материальные затраты;Москва;;Россия;2;;;;;Нет;Нет;Да;Да;Да;Да;Да;уже заказали;390000;390000;ЭТО НЕ ЕЖЕМЕСЯЧНЫЙ ПЛАТЁЖ;Уже заказано;ЭТО РЕАЛЬНЫЕ РАСХОДЫ;390000;Услуги;0;;487 от 21.08.2026;2026-07-01;7;;;;;;;300022;ДОГОВОР 6 от 13.07.2026;УПД 78 ОТ 03.08.2026;;Услуги;
167;Техническое оснащение деятельности штаба;Разовый;91;1;Услуга по установке трекера;Услуга по установке трекера;ЛЮБАРЕЦ ЕВГЕНИЯ ДМИТРИЕВНА;1;;3200;3200;True;3200;3200;3200;3200;772993378875;АВАНСОВЫЙ ОТЧЕТ 49;14.08.2026;505;"(711К0232001;0200006) СОГЛАШЕНИЕ 091-10-2026-008 ОТ 28.01.2026 АВАНСОВЫЙ ОТЧЕТ 49 ОТ 14.08.2026 ПЛАТА ЗА ДОСТАВКУ ОТПРАВЛЕНИЙ (УСЛУГИ ДОСТАВКИ) НДС0.00";2026-08-28;Закупка внесена в подтверждённые желания и убрана из этого столбца;3200;3200;Договор разовый или накопительный поэтому 0;;3200;Услуги;1. Техническое оснащение деятельности штаба;1. Техническое оснащение деятельности штаба;Ремонт техники;Прочие материальные затраты;Москва;;Россия;2;;;;;Нет;Нет;Да;Да;Да;Да;Да;уже заказали;3200;3200;ЭТО НЕ ЕЖЕМЕСЯЧНЫЙ ПЛАТЁЖ;Уже заказано;ЭТО РЕАЛЬНЫЕ РАСХОДЫ;3200;Услуги;0;;505 от 28.08.2026;14.08.2026;8;;;;;;;200006;АВАНСОВЫЙ ОТЧЕТ 49 от 14.08.2026;АВАНСОВЫЙ ОТЧЕТ 49 ОТ 14.08.2026;;Услуги;
168;Техническое оснащение деятельности штаба;Разовый;92;1;ДОмсотровое устройстов;ДОмсотровое устройстов;ЛЮБАРЕЦ ЕВГЕНИЯ ДМИТРИЕВНА;1;;15200;15200;True;15200;15200;15200;15200;772993378875;АВАНСОВЫЙ ОТЧЕТ 50;14.08.2026;506;"(711К0232001;0300022) СОГЛАШЕНИЕ 091-10-2026-008 ОТ 28.01.2026 АВАНСОВЫЙ ОТЧЕТ 50 ОТ 14.08.2026 ПРОЧИЕ МАТЕРИАЛЬНЫЕ ЗАТРАТЫ (КОМПЕНСАЦИЯ ЗА ПРИОБРЕТЕНИЕ ДОСМОТРОВОЕ УСТРОЙСТВО) НДС0.00";2026-08-28;Закупка внесена в подтверждённые желания и убрана из этого столбца;15200;15200;Договор разовый или накопительный поэтому 0;;15200;Товары;1. Техническое оснащение деятельности штаба;1. Техническое оснащение деятельности штаба;Ремонт техники;Прочие материальные затраты;Москва;;Россия;2;;;;;Нет;Нет;Да;Да;Да;Да;Да;уже заказали;15200;15200;ЭТО НЕ ЕЖЕМЕСЯЧНЫЙ ПЛАТЁЖ;Уже заказано;ЭТО РЕАЛЬНЫЕ РАСХОДЫ;15200;0;Товары;;506 от 28.08.2026;14.08.2026;8;;;;;;;300022;АВАНСОВЫЙ ОТЧЕТ 50 от 14.08.2026;АВАНСОВЫЙ ОТЧЕТ 50 ОТ 14.08.2026;;Услуги;
169;Техническое оснащение деятельности штаба;Разовый;42;1;ТЕХНИЧЕСКОЕ ОБСЛУЖИВАНИЕ И РЕМОНТ АВТОМОБИЛЯ;ТО автомобиля;ГОЛИЧКОВ АЛЕКСАНДР ВЛАДИМИРОВИЧ;1;;4000;4000;True;4000;4000;4000;0;772318222771;АВАНСОВЫЙ ОТЧЕТ 31;07.08.2026;508;"(711К0232001;0200014) СОГЛАШЕНИЕ 091-10-2026-008 ОТ 28.01.2026 АВАНСОВЫЙ ОТЧЕТ 31 ОТ 07.08.2026 РЕМОНТ (ТЕХНИЧЕСКОЕ ОБСЛУЖИВАНИЕ И РЕМОНТ СЛУЖЕБНОГО АВТОМОБИЛЯ) НДС0.00";2026-08-28;Закупка внесена в подтверждённые желания и убрана из этого столбца;4000;4000;Договор разовый или накопительный поэтому 0;;4000;Услуги;1. Техническое оснащение деятельности штаба;1. Техническое оснащение деятельности штаба;Ремонт техники;Услуги по ремонту автомобиля;;Авансовый платёж;Россия;3;;;;;Нет;Нет;Да;Да;Да;Да;Да;уже заказали;4000;4000;ЭТО НЕ ЕЖЕМЕСЯЧНЫЙ ПЛАТЁЖ;Уже заказано;ЭТО РЕАЛЬНЫЕ РАСХОДЫ;4000;Услуги;0;;;;12;;;;;;;;;;;;
170;Техническое оснащение деятельности штаба;Разовый;94;1;ТЕХНИЧЕСКОЕ ОБСЛУЖИВАНИЕ И РЕМОНТ АВТОМОБИЛЯ;Диагностика, выдача ДК ТС;ГОЛИЧКОВ АЛЕКСАНДР ВЛАДИМИРОВИЧ;1;;7000;7000;True;7000;7000;7000;0;772318222771;АВАНСОВЫЙ ОТЧЕТ 59;07.09.2026;540;"(711К0232001;0200014) СОГЛАШЕНИЕ 091-10-2026-008 ОТ 28.01.2026 АВАНСОВЫЙ ОТЧЕТ 59 ОТ 07.09.2026 РЕМОНТ (ТЕХНИЧЕСКИЙ ОСМОТР СЛУЖЕБНОГО АВТОМОБИЛЯ) НДС0.00";2026-09-08;Закупка внесена в подтверждённые желания и убрана из этого столбца;7000;7000;Договор разовый или накопительный поэтому 0;;7000;Услуги;1. Техническое оснащение деятельности штаба;1. Техническое оснащение деятельности штаба;Ремонт техники;Услуги по ремонту автомобиля;;Авансовый платёж;Россия;3;;;;;Нет;Нет;Да;Да;Да;Да;Да;уже заказали;7000;7000;ЭТО НЕ ЕЖЕМЕСЯЧНЫЙ ПЛАТЁЖ;Уже заказано;ЭТО РЕАЛЬНЫЕ РАСХОДЫ;7000;Услуги;0;;;;12;;;;;;;;;;;;
171;Техническое оснащение деятельности штаба;Разовый;93;1;Запчасти для бензоинструмента;Запчасти для бензоинструмента;ЛЮБАРЕЦ ЕВГЕНИЯ ДМИТРИЕВНА;1;;3485;3485;True;3485;3485;3485;3485;772993378875;АВАНСОВЫЙ ОТЧЕТ 51;14.08.2026;507;"(711К0232001;0300022) СОГЛАШЕНИЕ 091-10-2026-008 ОТ 28.01.2026 АВАНСОВЫЙ ОТЧЕТ 51 ОТ 14.08.2026 ПРОЧИЕ МАТЕРИАЛЬНЫЕ ЗАТРАТЫ (КОМПЕНСАЦИЯ ЗА ПРИОБРЕТЕНИЕ ВОЗД ФИЛЬТР, КАРБЮРАТОР) НДС0.00";2026-08-28;Закупка внесена в подтверждённые желания и убрана из этого столбца;3485;3485;Договор разовый или накопительный поэтому 0;;3485;Товары;1. Техническое оснащение деятельности штаба;1. Техническое оснащение деятельности штаба;Ремонт техники;Прочие материальные затраты;Москва;;Россия;2;;;;;Нет;Нет;Да;Да;Да;Да;Да;уже заказали;3485;3485;ЭТО НЕ ЕЖЕМЕСЯЧНЫЙ ПЛАТЁЖ;Уже заказано;ЭТО РЕАЛЬНЫЕ РАСХОДЫ;3485;0;Товары;;507 от 28.08.2026;14.08.2026;8;;;;;;;300022;АВАНСОВЫЙ ОТЧЕТ 51 от 14.08.2026;АВАНСОВЫЙ ОТЧЕТ 51 ОТ 14.08.2026;;Услуги;
172;Техническое оснащение деятельности штаба;Разовый;100;1;Услуга по установке трекера;Услуга по установке трекера;"ОБЩЕСТВО С ОГРАНИЧЕННОЙ ОТВЕТСТВЕННОСТЬЮ ""УНИВЕРСИС""";1;;4000;4000;True;4000;4000;4000;12000;7718840513;СЧЕТ 2746;26.05.2026;295;"(711К0232001;0200032) СОГЛАШЕНИЕ 091-10-2026-008 ОТ 28.01.2026 СЧЕТ 2746 ОТ 26.05.2026, УПД 1279 ОТ 28.05.2026 ДР ВЫПЛ СВЯЗ С ЗАКУП УСЛУГ (УСЛУГА ПО УСТАНОВКЕ ТРЕКЕРА) НДС190.48";2026-05-29;Закупка внесена в подтверждённые желания и убрана из этого столбца;4000;4000;Договор разовый или накопительный поэтому 0;;4000;Услуги;1. Техническое оснащение деятельности штаба;1. Техническое оснащение деятельности штаба;Ремонт техники;Прочие материальные затраты;Москва;;Россия;2;;;;;Нет;Нет;Да;Да;Да;Да;Да;уже заказали;4000;4000;ЭТО НЕ ЕЖЕМЕСЯЧНЫЙ ПЛАТЁЖ;Уже заказано;ЭТО РЕАЛЬНЫЕ РАСХОДЫ;4000;Услуги;0;;295 от 29.05.2026;26.05.2026;5;;;;;;;200032;СЧЕТ 2746 от 26.05.2026;УПД 1279 ОТ 28.05.2026;;Услуги;
173;Техническое оснащение деятельности штаба;Разовый;100;2;Треккера Arnavi 3;Треккера Arnavi 3;"ОБЩЕСТВО С ОГРАНИЧЕННОЙ ОТВЕТСТВЕННОСТЬЮ ""УНИВЕРСИС""";1;;8000;8000;True;8000;8000;8000;12000;7718840513;СЧЕТ 2746;26.05.2026;296;"(711К0232001;0300022) СОГЛАШЕНИЕ 091-10-2026-008 ОТ 28.01.2026 СЧЕТ 2746 ОТ 26.05.2026, УПД 1279 ОТ 28.05.2026 ПРОЧИЕ МАТЕРИАЛЬНЫЕ ЗАТРАТЫ (ТРЕКЕР ARNAVI L3) НДС380.95";2026-05-29;Закупка внесена в подтверждённые желания и убрана из этого столбца;8000;8000;Договор разовый или накопительный поэтому 0;;8000;Товары;1. Техническое оснащение деятельности штаба;1. Техническое оснащение деятельности штаба;Ремонт техники;Прочие материальные затраты;Москва;;Россия;2;;;;;Нет;Нет;Да;Да;Да;Да;Да;уже заказали;8000;8000;ЭТО НЕ ЕЖЕМЕСЯЧНЫЙ ПЛАТЁЖ;Уже заказано;ЭТО РЕАЛЬНЫЕ РАСХОДЫ;8000;0;Товары;;296 от 29.05.2026;26.05.2026;5;;;;;;;300022;СЧЕТ 2746 от 26.05.2026;УПД 1279 ОТ 28.05.2026;;Услуги;
174;Комплекс мероприятий, направленных на подготовку добровольцев в сфере предупреждения и ликвидации чрезвычайных ситуаций и практическое применение полученных ими навыков;Разовый;37;1;Крепёж медалей и букеты;Крепёж медалей и букеты;СОЛОДИЛОВА ЕКАТЕРИНА ГЕННАДЬЕВНА;1;;1680;1680;True;1680;1680;1680;1680;772589801500;АВАНСОВЫЙ ОТЧЕТ 32;07.08.2026;510;"(711К0232001;0300022) СОГЛАШЕНИЕ 091-10-2026-008 ОТ 28.01.2026 АВАНСОВЫЙ ОТЧЕТ 32 ОТ 07.08.2026 ПРОЧИЕ МАТЕРИАЛЬНЫЕ ЗАТРАТЫ (КОМПЕНСАЦ ЗА ПРИОБРЕТЕНИЕ ЛАМПАД ДЛЯ МЕРОПР) ЧАСТ ОПЛАТА НДС0.00";2026-08-28;Закупка внесена в подтверждённые желания и убрана из этого столбца;1680;1680;Договор разовый или накопительный поэтому 0;;1680;Товары;2. Организация мероприятий;6. Организация и проведения праздничных мероприятий к 25-летию ВСКС;Прочее;;;;Россия;;;;;;Нет;Нет;Да;Да;Да;Да;Да;уже заказали;1680;1680;ЭТО НЕ ЕЖЕМЕСЯЧНЫЙ ПЛАТЁЖ;Уже заказано;ЭТО РЕАЛЬНЫЕ РАСХОДЫ;1680;0;Товары;;510 от 28.08.2026;2026-07-01;7;;;;;;;300022;АВАНСОВЫЙ ОТЧЕТ 32 от 07.08.2026;АВАНСОВЫЙ ОТЧЕТ 32 ОТ 07.08.2026;;Услуги;
175;Техническое оснащение деятельности штаба;Разовый;95;1;КОМПЕНСАЦИЯ ЗА ПРИОБРЕТЕНИЕ КАНЦЕЛЯРСКИХ ТОВАРОВ;КОМПЕНСАЦИЯ ЗА ПРИОБРЕТЕНИЕ КАНЦЕЛЯРСКИХ ТОВАРОВ;БАГАУТДИНОВ АХМЕТ АЙРАТОВИЧ;1;;2835;2835;True;2835;2835;2835;2835;693102874536;АВАНСОВЫЙ ОТЧЕТ 34;07.08.2026;511;"(711К0232001;0300022) СОГЛАШЕНИЕ 091-10-2026-008 ОТ 28.01.2026 АВАНСОВЫЙ ОТЧЕТ 34 ОТ 07.08.2026 ПРОЧИЕ МАТЕРИАЛЬНЫЕ ЗАТРАТЫ (КОМПЕНСАЦИЯ ЗА ПРИОБРЕТЕНИЕ КАНЦЕЛЯРСКИХ ТОВАРОВ) НДС0.00";2026-08-28;Закупка внесена в подтверждённые желания и убрана из этого столбца;2835;2835;Договор разовый или накопительный поэтому 0;;2835;Товары;2. Организация мероприятий;6. Организация и проведения праздничных мероприятий к 25-летию ВСКС;Прочее;;;;Россия;;;;;;Нет;Нет;Да;Да;Да;Да;Да;уже заказали;2835;2835;ЭТО НЕ ЕЖЕМЕСЯЧНЫЙ ПЛАТЁЖ;Уже заказано;ЭТО РЕАЛЬНЫЕ РАСХОДЫ;2835;0;Товары;;511 от 28.08.2026;2026-07-01;7;;;;;;;300022;АВАНСОВЫЙ ОТЧЕТ 34 от 07.08.2026;АВАНСОВЫЙ ОТЧЕТ 34 ОТ 07.08.2026;;Услуги;
176;Техническое оснащение деятельности штаба;Разовый;96;1;Услуги связи;Услуги связи;МАРГАРЯН МАРИНА АРТАКОВНА;1;;4534.7;4534.7;True;4534.7;4534.7;4534.7;4534.7;236700804588;АВАНСОВЫЙ ОТЧЕТ 56;01.09.2026;532;"(711К0232001;0200001) СОГЛАШЕНИЕ 091-10-2026-008 ОТ 28.01.2026 АВАНСОВЫЙ ОТЧЕТ 56 ОТ 01.09.2026 УСЛУГИ ПОЧТОВОЙ СВЯЗИ НДС0.00";2026-09-07;Закупка внесена в подтверждённые желания и убрана из этого столбца;4534.7;4534.7;Договор разовый или накопительный поэтому 0;;4534.7;Товары;1. Техническое оснащение деятельности штаба;1. Техническое оснащение деятельности штаба;Прочее;;;;Россия;;;;;;Нет;Нет;Да;Да;Да;Да;Да;уже заказали;4534.7;4534.7;ЭТО НЕ ЕЖЕМЕСЯЧНЫЙ ПЛАТЁЖ;Уже заказано;ЭТО РЕАЛЬНЫЕ РАСХОДЫ;4534.7;0;Товары;;532 от 07.09.2026;2026-07-01;7;;;;;;;200001;АВАНСОВЫЙ ОТЧЕТ 56 от 01.09.2026;АВАНСОВЫЙ ОТЧЕТ 56 ОТ 01.09.2026;;Услуги;
177;Техническое оснащение деятельности штаба;Рамочный с суммой;6;1,2;КОМПЛЕКСНАЯ УБОРКА ПОМЕЩ;КОМПЛЕКСНАЯ УБОРКА ПОМЕЩ;ЕГОРОВА ЛЮДМИЛА ВЛАДИМИРОВНА;1;;45900;45900;True;45900;45900;45900;199800;930702695519;ДОГОВОР 01-26;29.01.2026;83;"(711К0232001;0200032) СОГЛАШЕНИЕ 091-10-2026-008 ОТ 28.01.2026 ДОГОВОР 01-26 ОТ 29.01.2026, АКТ Б/Н ОТ 12.03.2026 ДР ВЫПЛ СВЯЗ С ЗАКУП УСЛУГ (КОМПЛЕКСНАЯ УБОРКА ПОМЕЩ) НДС0.00";2026-03-17;Закупка внесена в подтверждённые желания и убрана из этого столбца;45900;Сумма в рамках рамочного договора №6;8100;;Сумма в рамках рамочного договора №6;Услуги;1. Техническое оснащение деятельности штаба;1. Техническое оснащение деятельности штаба;Услуги телефонии;Услуги связи;;Неконкурентная закупка;Россия;1;;;;;Нет;Нет;Да;Да;Да;Да;Да;уже заказали;45900;45900;ЭТО НЕ ЕЖЕМЕСЯЧНЫЙ ПЛАТЁЖ;Уже заказано;ЭТО РЕАЛЬНЫЕ РАСХОДЫ;45900;Услуги;0;;83 от 17.03.2026;29.01.2026;1;;;;;;;200032;ДОГОВОР 01-26 от 29.01.2026;АКТ Б/Н ОТ 12.03.2026;;Услуги;
178;Техническое оснащение деятельности штаба;Рамочный с суммой;6;3;КОМПЛЕКСНАЯ УБОРКА ПОМЕЩ;КОМПЛЕКСНАЯ УБОРКА ПОМЕЩ;ЕГОРОВА ЛЮДМИЛА ВЛАДИМИРОВНА;1;;28350;28350;True;25650;25650;25650;199800;930702695519;ДОГОВОР 01-26;29.01.2026;242;"(711К0232001;0200032) СОГЛАШЕНИЕ 091-10-2026-008 ОТ 28.01.2026 ДОГОВОР 01-26 ОТ 29.01.2026, АКТ Б/Н ОТ 15.04.2026 ДР ВЫПЛ СВЯЗ С ЗАКУП УСЛУГ (КОМПЛЕКСНАЯ УБОРКА ПОМЕЩ) НДС0.00";2026-05-07;Закупка внесена в подтверждённые желания и убрана из этого столбца;25650;Сумма в рамках рамочного договора №6;8100;;Сумма в рамках рамочного договора №6;Услуги;1. Техническое оснащение деятельности штаба;1. Техническое оснащение деятельности штаба;Услуги телефонии;Услуги связи;;Неконкурентная закупка;Россия;1;;;;;Нет;Нет;Да;Да;Да;Да;Да;уже заказали;25650;25650;ЭТО НЕ ЕЖЕМЕСЯЧНЫЙ ПЛАТЁЖ;Уже заказано;ЭТО РЕАЛЬНЫЕ РАСХОДЫ;25650;Услуги;0;;242 от 07.05.2026;29.01.2026;1;;;;;;;Платёж не проходил;ДОГОВОР 01-26 от 29.01.2026;АКТ Б/Н ОТ 15.04.2026;;Заполни;
179;Техническое оснащение деятельности штаба;Рамочный с суммой;6;4;КОМПЛЕКСНАЯ УБОРКА ПОМЕЩ;КОМПЛЕКСНАЯ УБОРКА ПОМЕЩ;ЕГОРОВА ЛЮДМИЛА ВЛАДИМИРОВНА;1;;29700;29700;True;25650;25650;25650;199800;930702695519;ДОГОВОР 01-26;29.01.2026;290;"(711К0232001;0200032) СОГЛАШЕНИЕ 091-10-2026-008 ОТ 28.01.2026 ДОГОВОР 01-26 ОТ 29.01.2026, АКТ Б/Н ОТ 15.05.2026 ДР ВЫПЛ СВЯЗ С ЗАКУП УСЛУГ (КОМПЛЕКСНАЯ УБОРКА ПОМЕЩ) НДС0.00";2026-05-28;Закупка внесена в подтверждённые желания и убрана из этого столбца;25650;Сумма в рамках рамочного договора №6;8100;;Сумма в рамках рамочного договора №6;Услуги;1. Техническое оснащение деятельности штаба;1. Техническое оснащение деятельности штаба;Услуги телефонии;Услуги связи;;Неконкурентная закупка;Россия;1;;;;;Нет;Нет;Да;Да;Да;Да;Да;уже заказали;25650;25650;ЭТО НЕ ЕЖЕМЕСЯЧНЫЙ ПЛАТЁЖ;Уже заказано;ЭТО РЕАЛЬНЫЕ РАСХОДЫ;25650;Услуги;0;;290 от 28.05.2026;29.01.2026;1;;;;;;;Платёж не проходил;ДОГОВОР 01-26 от 29.01.2026;АКТ Б/Н ОТ 15.05.2026;;Заполни;
180;Техническое оснащение деятельности штаба;Рамочный с суммой;6;5;КОМПЛЕКСНАЯ УБОРКА ПОМЕЩ;КОМПЛЕКСНАЯ УБОРКА ПОМЕЩ;ЕГОРОВА ЛЮДМИЛА ВЛАДИМИРОВНА;1;;25650;25650;True;25650;25650;25650;199800;930702695519;ДОГОВОР 01-26;29.01.2026;354;"(711К0232001;0200032) СОГЛАШЕНИЕ 091-10-2026-008 ОТ 28.01.2026 ДОГОВОР 01-26 ОТ 29.01.2026, АКТ Б/Н ОТ 22.06.2026 ДР ВЫПЛ СВЯЗ С ЗАКУП УСЛУГ (КОМПЛЕКСНАЯ УБОРКА ПОМЕЩ) НДС0.00";2026-06-30;Закупка внесена в подтверждённые желания и убрана из этого столбца;25650;Сумма в рамках рамочного договора №6;8100;;Сумма в рамках рамочного договора №6;Услуги;1. Техническое оснащение деятельности штаба;1. Техническое оснащение деятельности штаба;Услуги телефонии;Услуги связи;;Неконкурентная закупка;Россия;1;;;;;Нет;Нет;Да;Да;Да;Да;Да;уже заказали;25650;25650;ЭТО НЕ ЕЖЕМЕСЯЧНЫЙ ПЛАТЁЖ;Уже заказано;ЭТО РЕАЛЬНЫЕ РАСХОДЫ;25650;Услуги;0;;354 от 30.06.2026;29.01.2026;1;;;;;;;200032;ДОГОВОР 01-26 от 29.01.2026;АКТ Б/Н ОТ 22.06.2026;;Услуги;
181;Техническое оснащение деятельности штаба;Рамочный с суммой;6;6;Нет данных;Нет данных;ЕГОРОВА ЛЮДМИЛА ВЛАДИМИРОВНА;1;;28350;28350;True;25650;25650;25650;199800;930702695519;Нет данных;Нет данных;;;Платёж не проходил;Закупка внесена в подтверждённые желания и убрана из этого столбца;25650;Сумма в рамках рамочного договора №6;8100;;Сумма в рамках рамочного договора №6;Услуги;1. Техническое оснащение деятельности штаба;1. Техническое оснащение деятельности штаба;Услуги телефонии;Услуги связи;;Неконкурентная закупка;Россия;1;;;;;Нет;Нет;Да;Да;Да;Да;Нет;уже заказали;25650;25650;ЭТО НЕ ЕЖЕМЕСЯЧНЫЙ ПЛАТЁЖ;Уже заказано;ЭТО РЕАЛЬНЫЕ РАСХОДЫ;ещё не платили;Услуги;0;;от Платёж не проходил;Нет данных;10;;;;;;;Платёж не проходил;Нет данных от Нет данных;Нет данных;;Заполни;
182;Техническое оснащение деятельности штаба;Рамочный с суммой;6;7;КОМПЛЕКСНАЯ УБОРКА ПОМЕЩ;КОМПЛЕКСНАЯ УБОРКА ПОМЕЩ;ЕГОРОВА ЛЮДМИЛА ВЛАДИМИРОВНА;1;;31050;31050;True;25650;25650;25650;199800;930702695519;ДОГОВОР 01-26;29.01.2026;483;"(711К0232001;0200032) СОГЛАШЕНИЕ 091-10-2026-008 ОТ 28.01.2026 ДОГОВОР 01-26 ОТ 29.01.2026, АКТ Б/Н ОТ 06.08.2026 ДР ВЫПЛ СВЯЗ С ЗАКУП УСЛУГ (КОМПЛЕКСНАЯ УБОРКА ПОМЕЩ) НДС0.00";2026-08-21;Закупка внесена в подтверждённые желания и убрана из этого столбца;25650;Сумма в рамках рамочного договора №6;8100;;Сумма в рамках рамочного договора №6;Услуги;1. Техническое оснащение деятельности штаба;1. Техническое оснащение деятельности штаба;Услуги телефонии;Услуги связи;;Неконкурентная закупка;Россия;1;;;;;Нет;Нет;Да;Да;Да;Да;Да;уже заказали;25650;25650;ЭТО НЕ ЕЖЕМЕСЯЧНЫЙ ПЛАТЁЖ;Уже заказано;ЭТО РЕАЛЬНЫЕ РАСХОДЫ;25650;Услуги;0;;483 от 21.08.2026;29.01.2026;1;;;;;;;Платёж не проходил;ДОГОВОР 01-26 от 29.01.2026;АКТ Б/Н ОТ 06.08.2026;;Заполни;
183;Техническое оснащение деятельности штаба;Рамочный с суммой;6;8;КОМПЛЕКСНАЯ УБОРКА ПОМЕЩ;КОМПЛЕКСНАЯ УБОРКА ПОМЕЩ;ЕГОРОВА ЛЮДМИЛА ВЛАДИМИРОВНА;1;;18900;18900;True;25650;25650;25650;199800;930702695519;ДОГОВОР 01-26;29.01.2026;354;"(711К0232001;0200032) СОГЛАШЕНИЕ 091-10-2026-008 ОТ 28.01.2026 ДОГОВОР 01-26 ОТ 29.01.2026, АКТ Б/Н ОТ 22.06.2026 ДР ВЫПЛ СВЯЗ С ЗАКУП УСЛУГ (КОМПЛЕКСНАЯ УБОРКА ПОМЕЩ) НДС0.00";2026-06-30;Закупка внесена в подтверждённые желания и убрана из этого столбца;25650;Сумма в рамках рамочного договора №6;8100;;Сумма в рамках рамочного договора №6;Услуги;1. Техническое оснащение деятельности штаба;1. Техническое оснащение деятельности штаба;Услуги телефонии;Услуги связи;;Неконкурентная закупка;Россия;1;;;;;Нет;Нет;Да;Да;Да;Да;Нет;уже заказали;25650;25650;ЭТО НЕ ЕЖЕМЕСЯЧНЫЙ ПЛАТЁЖ;Уже заказано;ЭТО РЕАЛЬНЫЕ РАСХОДЫ;ещё не платили;Услуги;0;;354 от 30.06.2026;29.01.2026;1;;;;;;;200032;ДОГОВОР 01-26 от 29.01.2026;АКТ Б/Н ОТ 22.06.2026;;Услуги;
184;Техническое оснащение деятельности штаба;Рамочный с суммой;98;1;КОМПЛЕКСНАЯ УБОРКА ПОМЕЩ;КОМПЛЕКСНАЯ УБОРКА ПОМЕЩ;ЕГОРОВА ЛЮДМИЛА ВЛАДИМИРОВНА;1;;30000;30000;True;0;0;0;30000;930702695519;Нет данных;Нет данных;Платёж не проходил;Не обнаружено;Платёж не проходил;Закупка внесена в подтверждённые желания и убрана из этого столбца;30000;Сумма в рамках рамочного договора №98;Не обнаружено;;30000;Услуги;1. Техническое оснащение деятельности штаба;1. Техническое оснащение деятельности штаба;Услуги телефонии;Услуги связи;;Неконкурентная закупка;Россия;1;;;;;Нет;Нет;Да;Да;Да;Да;Нет;уже заказали;30000;30000;ЭТО НЕ ЕЖЕМЕСЯЧНЫЙ ПЛАТЁЖ;Уже заказано;ЭТО РЕАЛЬНЫЕ РАСХОДЫ;ещё не платили;Услуги;0;;Платёж не проходил от Платёж не проходил;Нет данных;10;;;;;;;Платёж не проходил;Нет данных от Нет данных;Нет данных;;Заполни;
185;Техническое оснащение деятельности штаба;Рамочный с суммой;98;2;КОМПЛЕКСНАЯ УБОРКА ПОМЕЩ;КОМПЛЕКСНАЯ УБОРКА ПОМЕЩ;ЕГОРОВА ЛЮДМИЛА ВЛАДИМИРОВНА;1;;30000;30000;True;27000;27000;27000;30000;930702695519;Нет данных;Нет данных;Платёж не проходил;Не обнаружено;Платёж не проходил;Закупка внесена в подтверждённые желания и убрана из этого столбца;27000;Сумма в рамках рамочного договора №98;Не обнаружено;;27000;Услуги;1. Техническое оснащение деятельности штаба;1. Техническое оснащение деятельности штаба;Услуги телефонии;Услуги связи;;Неконкурентная закупка;Россия;1;;;;;Нет;Нет;Да;Да;Еще не поставлено , но  будет.Ежемесячная услуга;Нет;Нет;27000;ещё не заказали;ещё не поставили;27000;ЭТО ВЫДУМАННЫЕ РАСХОДЫ ИЛИ ЕЖЕМЕСЯЧНЫЕ ПЛАТЕЖИ;ЭТО РЕАЛЬНЫЕ РАСХОДЫ;ещё не платили;Услуги;0;;Платёж не проходил от Платёж не проходил;Нет данных;11;;;;;;;Платёж не проходил;Нет данных от Нет данных;Нет данных;;Заполни;
186;Техническое оснащение деятельности штаба;Рамочный с суммой;98;3;КОМПЛЕКСНАЯ УБОРКА ПОМЕЩ;КОМПЛЕКСНАЯ УБОРКА ПОМЕЩ;ЕГОРОВА ЛЮДМИЛА ВЛАДИМИРОВНА;1;;30000;30000;True;27000;27000;27000;30000;930702695519;Нет данных;Нет данных;Платёж не проходил;Не обнаружено;Платёж не проходил;Закупка внесена в подтверждённые желания и убрана из этого столбца;27000;Сумма в рамках рамочного договора №98;Не обнаружено;;27000;Услуги;1. Техническое оснащение деятельности штаба;1. Техническое оснащение деятельности штаба;Услуги телефонии;Услуги связи;;Неконкурентная закупка;Россия;1;;;;;Нет;Нет;Да;Да;Еще не поставлено , но  будет.Ежемесячная услуга;Нет;Нет;27000;ещё не заказали;ещё не поставили;27000;ЭТО ВЫДУМАННЫЕ РАСХОДЫ ИЛИ ЕЖЕМЕСЯЧНЫЕ ПЛАТЕЖИ;ЭТО РЕАЛЬНЫЕ РАСХОДЫ;ещё не платили;Услуги;0;;Платёж не проходил от Платёж не проходил;Нет данных;12;;;;;;;Платёж не проходил;Нет данных от Нет данных;Нет данных;;Заполни;
187;Техническое оснащение деятельности штаба;Рамочный с суммой;98;4;КОМПЛЕКСНАЯ УБОРКА ПОМЕЩ;КОМПЛЕКСНАЯ УБОРКА ПОМЕЩ;ЕГОРОВА ЛЮДМИЛА ВЛАДИМИРОВНА;1;;30000;30000;True;27000;27000;27000;30000;930702695519;Нет данных;Нет данных;Платёж не проходил;Не обнаружено;Платёж не проходил;Закупка внесена в подтверждённые желания и убрана из этого столбца;27000;Сумма в рамках рамочного договора №98;Не обнаружено;;27000;Услуги;1. Техническое оснащение деятельности штаба;1. Техническое оснащение деятельности штаба;Услуги телефонии;Услуги связи;;Неконкурентная закупка;Россия;1;;;;;Нет;Нет;Да;Да;Еще не поставлено , но  будет.Ежемесячная услуга;Нет;Нет;27000;ещё не заказали;ещё не поставили;27000;ЭТО ВЫДУМАННЫЕ РАСХОДЫ ИЛИ ЕЖЕМЕСЯЧНЫЕ ПЛАТЕЖИ;ЭТО РЕАЛЬНЫЕ РАСХОДЫ;ещё не платили;Услуги;0;;Платёж не проходил от Платёж не проходил;Нет данных;10;;;;;;;Платёж не проходил;Нет данных от Нет данных;Нет данных;;Заполни;
188;Всероссийский слёт студентов-спасателей и добровольцев в ЧС;Рамочный с суммой;102;1;Организация питания участников Слёта;Организация питания участников Слёта;"ООО ""НОВЫЙ ВКУС""";1;;655010;655010;True;655010;655010;655010;655010;7704499886;Нет данных;Нет данных;Платёж не проходил;Не обнаружено;Платёж не проходил;Закупка внесена в подтверждённые желания и убрана из этого столбца;655010;Сумма в рамках рамочного договора №102;Не обнаружено;;655010;Услуги;1. Техническое оснащение деятельности штаба;1. Техническое оснащение деятельности штаба;Услуги телефонии;Услуги связи;;Неконкурентная закупка;Россия;1;;;;;Нет;Нет;Да;Да;Да;Да;Нет;уже заказали;655010;655010;ЭТО НЕ ЕЖЕМЕСЯЧНЫЙ ПЛАТЁЖ;Уже заказано;ЭТО РЕАЛЬНЫЕ РАСХОДЫ;ещё не платили;Услуги;0;;Платёж не проходил от Платёж не проходил;Нет данных;10;;;;;;;Платёж не проходил;Нет данных от Нет данных;Нет данных;;Заполни;
189;Всероссийский слёт студентов-спасателей и добровольцев в ЧС;Рамочный с суммой;103;1;Застройка площадок на слёте;Застройка площадок на слёте;ИНДИВИДУАЛЬНЫЙ ПРЕДПРИНИМАТЕЛЬ СОБОЛЕВ ДМИТРИЙ АЛЕКСЕЕВИЧ;1;;300000;300000;True;300000;300000;300000;300000;621102708058;Нет данных;Нет данных;Платёж не проходил;Не обнаружено;Платёж не проходил;Закупка внесена в подтверждённые желания и убрана из этого столбца;300000;Сумма в рамках рамочного договора №103;Не обнаружено;;300000;Услуги;1. Техническое оснащение деятельности штаба;1. Техническое оснащение деятельности штаба;Услуги телефонии;Услуги связи;;Неконкурентная закупка;Россия;1;;;;;Нет;Нет;Да;Да;Да;Да;Нет;уже заказали;300000;300000;ЭТО НЕ ЕЖЕМЕСЯЧНЫЙ ПЛАТЁЖ;Уже заказано;ЭТО РЕАЛЬНЫЕ РАСХОДЫ;ещё не платили;Услуги;0;;Платёж не проходил от Платёж не проходил;Нет данных;10;;;;;;;Платёж не проходил;Нет данных от Нет данных;Нет данных;;Заполни;
190;Техническое оснащение деятельности штаба;Рамочный с суммой;98;4;Авансовые;Авансовые;ЦЫГАНОВ ИГОРЬ АЛЕКСАНДРОВИЧ;1;;30000;30000;True;30000;30000;30000;30000;772905105906;Нет данных;Нет данных;Платёж не проходил;Не обнаружено;Платёж не проходил;Закупка внесена в подтверждённые желания и убрана из этого столбца;30000;Сумма в рамках рамочного договора №98;Не обнаружено;;30000;Услуги;1. Техническое оснащение деятельности штаба;1. Техническое оснащение деятельности штаба;Услуги телефонии;Услуги связи;;Неконкурентная закупка;Россия;1;;;;;Нет;Нет;Да;Да;Да;Да;Нет;уже заказали;30000;30000;ЭТО НЕ ЕЖЕМЕСЯЧНЫЙ ПЛАТЁЖ;Уже заказано;ЭТО РЕАЛЬНЫЕ РАСХОДЫ;ещё не платили;Услуги;0;;Платёж не проходил от Платёж не проходил;Нет данных;10;;;;;;;Платёж не проходил;Нет данных от Нет данных;Нет данных;;Заполни;
191;Комплекс мероприятий, направленных на гражданско-патриотическое воспитание детей и молодежи;Разовый;116;1;Изготовление брендированной продукции;Изготовление брендированной продукции;"ООО ""ФЕНИКС""";1;;66938.6;66938.6;True;66938.6;66938.6;0;;;;;;;;;66938.6;;;;;Услуги;;;;;;;;;;;;;Нет;Нет;Да;Да;Да;Да;Нет;уже заказали;66938.6;66938.6;ЭТО НЕ ЕЖЕМЕСЯЧНЫЙ ПЛАТЁЖ;Уже заказано;ЭТО РЕАЛЬНЫЕ РАСХОДЫ;ещё не платили;Услуги;0;;;;10;;;;;;;;;;;;
192;Техническое оснащение деятельности штаба;Рамочный с суммой;2;Установка предельной суммы договора;Аренда помещения;Аренда помещения;"ООО ""РЕМСТРОЙ""";1;;1400000;1400000;True;1400000;1400000;0;1601000;7729632071;Нет данных;Нет данных;Платёж не проходил;Не обнаружено;Платёж не проходил;Место установки предельной суммы по закупке № 2;Место установки предельной суммы по закупке № 2;1400000;-201000;;1400000;;1. Техническое оснащение деятельности штаба;1. Техническое оснащение деятельности штаба;Услуги телефонии;Услуги связи;;Неконкурентная закупка;Россия;1;;;;;Нет;Нет;Да;Да;;Нет;Нет;;;ещё не поставили;ЭТО НЕ ЕЖЕМЕСЯЧНЫЙ ПЛАТЁЖ;ЭТО ВЫДУМАННЫЕ РАСХОДЫ ИЛИ ЕЖЕМЕСЯЧНЫЕ ПЛАТЕЖИ;ЭТО РЕАЛЬНЫЕ РАСХОДЫ;ещё не платили;0;0;;Платёж не проходил от Платёж не проходил;Нет данных;;;;;;;;Платёж не проходил;Нет данных от Нет данных;Нет данных;;Заполни;
193;Техническое оснащение деятельности штаба;Рамочный с суммой;2;1;Аренда помещения;Аренда помещения;"ООО ""РЕМСТРОЙ""";1;;300000;300000;True;300000;300000;300000;1601000;7729632071;ДОГОВОР 3;21.09.2025;54;"(711К0232001;0200012) СОГЛАШЕНИЕ 091-10-2026-008 ОТ 28.01.2026 ДОГОВОР 3 ОТ 21.09.2025, УПД 6 ОТ 20.02.2026 ВЫПЛ ПО АРЕНДНОЙ ПЛАТЕ В СООТВ. С ЗАКЛЮЧЕН ДОГОВОРОМ (АРЕНДА ПОМЕЩЕНИЯ 21.01-20.02.2026) НДС50000.00";2026-03-03;Закупка внесена в подтверждённые желания и убрана из этого столбца;300000;Сумма в рамках рамочного договора №2;-201000;;Сумма в рамках рамочного договора №2;Услуги;1. Техническое оснащение деятельности штаба;1. Техническое оснащение деятельности штаба;Услуги телефонии;Услуги связи;;Неконкурентная закупка;Россия;1;;;;;Нет;Нет;Да;Да;Да;Да;Да;уже заказали;300000;300000;ЭТО НЕ ЕЖЕМЕСЯЧНЫЙ ПЛАТЁЖ;Уже заказано;ЭТО РЕАЛЬНЫЕ РАСХОДЫ;300000;Услуги;0;;54 от 03.03.2026;21.09.2025;9;;;;;;;200012;ДОГОВОР 3 от 21.09.2025;УПД 6 ОТ 20.02.2026;;Услуги;
194;Техническое оснащение деятельности штаба;Рамочный с суммой;2;2;Аренда помещения;Аренда помещения;"ООО ""РЕМСТРОЙ""";1;;200000;200000;True;200000;200000;200000;1601000;7729632071;ДОГОВОР 3;21.09.2025;75;"(711К0232001;0200012) СОГЛАШЕНИЕ 091-10-2026-008 ОТ 28.01.2026 ДОГОВОР 3 ОТ 21.09.2025, УПД 1 ОТ 20.01.2026 ВЫПЛ ПО АРЕНДНОЙ ПЛАТЕ В СООТВ. С ЗАКЛЮЧЕН ДОГОВОРОМ (АРЕНДА ПОМЕЩЕНИЯ 01.01.26-20.01.26) НДС36065.57";2026-03-06;Закупка внесена в подтверждённые желания и убрана из этого столбца;200000;Сумма в рамках рамочного договора №2;-201000;;Сумма в рамках рамочного договора №2;Услуги;1. Техническое оснащение деятельности штаба;1. Техническое оснащение деятельности штаба;Услуги телефонии;Услуги связи;;Неконкурентная закупка;Россия;1;;;;;Нет;Нет;Да;Да;Да;Да;Да;уже заказали;200000;200000;ЭТО НЕ ЕЖЕМЕСЯЧНЫЙ ПЛАТЁЖ;Уже заказано;ЭТО РЕАЛЬНЫЕ РАСХОДЫ;200000;Услуги;0;;75 от 06.03.2026;21.09.2025;9;;;;;;;200012;ДОГОВОР 3 от 21.09.2025;УПД 1 ОТ 20.01.2026;;Услуги;
195;Техническое оснащение деятельности штаба;Рамочный с суммой;2;3;Аренда помещения;Аренда помещения;"ООО ""РЕМСТРОЙ""";1;;300000;300000;True;300000;300000;300000;1601000;7729632071;ДОГОВОР 3;21.09.2025;120;"(711К0232001;0200012) СОГЛАШЕНИЕ 091-10-2026-008 ОТ 28.01.2026 ДОГОВОР 3 ОТ 21.09.2025, УПД 8 ОТ 20.03.2026 ВЫПЛ ПО АРЕНДНОЙ ПЛАТЕ В СООТВ. С ЗАКЛЮЧЕН ДОГОВОРОМ (АРЕНДА ПОМЕЩЕНИЯ 21.02.26-20.03.26) НДС54098.36";2026-04-03;Закупка внесена в подтверждённые желания и убрана из этого столбца;300000;Сумма в рамках рамочного договора №2;-201000;;Сумма в рамках рамочного договора №2;Услуги;1. Техническое оснащение деятельности штаба;1. Техническое оснащение деятельности штаба;Услуги телефонии;Услуги связи;;Неконкурентная закупка;Россия;1;;;;;Нет;Нет;Да;Да;Да;Да;Да;уже заказали;300000;300000;ЭТО НЕ ЕЖЕМЕСЯЧНЫЙ ПЛАТЁЖ;Уже заказано;ЭТО РЕАЛЬНЫЕ РАСХОДЫ;300000;Услуги;0;;120 от 03.04.2026;21.09.2025;9;;;;;;;200012;ДОГОВОР 3 от 21.09.2025;УПД 8 ОТ 20.03.2026;;Услуги;
196;Техническое оснащение деятельности штаба;Рамочный с суммой;2;4;Аренда помещения;Аренда помещения;"ООО ""РЕМСТРОЙ""";1;;300000;300000;True;300000;300000;300000;1601000;7729632071;ДОГОВОР 3;21.09.2025;241;"(711К0232001;0200012) СОГЛАШЕНИЕ 091-10-2026-008 ОТ 28.01.2026 ДОГОВОР 3 ОТ 21.09.2025, УПД 10 ОТ 20.04.2026 ВЫПЛ ПО АРЕНДНОЙ ПЛАТЕ В СООТВ. С ЗАКЛЮЧЕН ДОГОВОРОМ (АРЕНДА ПОМЕЩЕНИЯ 21.03.26-20.04.26) НДС54098.36";2026-05-07;Закупка внесена в подтверждённые желания и убрана из этого столбца;300000;Сумма в рамках рамочного договора №2;-201000;;Сумма в рамках рамочного договора №2;Услуги;1. Техническое оснащение деятельности штаба;1. Техническое оснащение деятельности штаба;Услуги телефонии;Услуги связи;;Неконкурентная закупка;Россия;1;;;;;Нет;Нет;Да;Да;Да;Да;Да;уже заказали;300000;300000;ЭТО НЕ ЕЖЕМЕСЯЧНЫЙ ПЛАТЁЖ;Уже заказано;ЭТО РЕАЛЬНЫЕ РАСХОДЫ;300000;Услуги;0;;241 от 07.05.2026;21.09.2025;9;;;;;;;200012;ДОГОВОР 3 от 21.09.2025;УПД 10 ОТ 20.04.2026;;Услуги;
197;Техническое оснащение деятельности штаба;Рамочный с суммой;2;5;Аренда помещения;Аренда помещения;"ООО ""РЕМСТРОЙ""";1;;300000;300000;True;300000;300000;300000;1601000;7729632071;ДОГОВОР 3;21.09.2025;291;"(711К0232001;0200012) СОГЛАШЕНИЕ 091-10-2026-008 ОТ 28.01.2026 ДОГОВОР 3 ОТ 21.09.2025, УПД 12 ОТ 20.05.2026 ВЫПЛ ПО АРЕНДНОЙ ПЛАТЕ В СООТВ. С ЗАКЛЮЧЕН ДОГОВОРОМ (АРЕНДА ПОМЕЩЕНИЯ 21.04.26-20.05.26) НДС54098.36";2026-05-28;Закупка внесена в подтверждённые желания и убрана из этого столбца;300000;Сумма в рамках рамочного договора №2;-201000;;Сумма в рамках рамочного договора №2;Услуги;1. Техническое оснащение деятельности штаба;1. Техническое оснащение деятельности штаба;Услуги телефонии;Услуги связи;;Неконкурентная закупка;Россия;1;;;;;Нет;Нет;Да;Да;Да;Да;Да;уже заказали;300000;300000;ЭТО НЕ ЕЖЕМЕСЯЧНЫЙ ПЛАТЁЖ;Уже заказано;ЭТО РЕАЛЬНЫЕ РАСХОДЫ;300000;Услуги;0;;291 от 28.05.2026;21.09.2025;9;;;;;;;200012;ДОГОВОР 3 от 21.09.2025;УПД 12 ОТ 20.05.2026;;Услуги;
198;Техническое оснащение деятельности штаба;;4;1;Страхование автотранспорта;Страхование автотранспорта;"САО ""ВСК""";1;;12883.36;12883.36;True;12883.36;12883.36;12883.36;12883.36;7710026574;ДОГОВОР ХХХ0622153971;04.03.2026;58;"(711К0232001;0200024) СОГЛАШЕНИЕ 091-10-2026-008 ОТ 28.01.2026 ДОГОВОР ХХХ0622153971 ОТ 04.03.2026, СЧЕТ 026-561-0149784 ОТ 04.03.2026 УСЛ ПО СТРАХ ИМУЩЕСТВА (СТРАХОВОЙ ВЗНОС) НДС0.00";2026-03-04;Закупка внесена в подтверждённые желания и убрана из этого столбца;12883.36;Пусто;Договор разовый или накопительный поэтому 0;;12883.36;Услуги;1. Техническое оснащение деятельности штаба;1. Техническое оснащение деятельности штаба;Приобретение ОСАГО для автомобилей;Приобретение ОСАГО для автомобилей;федеральное мероприятие;Неконкурентная закупка;Россия;1;;;;;Нет;Нет;Да;Да;Да;Да;Да;уже заказали;12883.36;12883.36;ЭТО НЕ ЕЖЕМЕСЯЧНЫЙ ПЛАТЁЖ;Уже заказано;ЭТО РЕАЛЬНЫЕ РАСХОДЫ;12883.36;Услуги;0;;58 от 04.03.2026;;12;;;;;;;200024;ДОГОВОР ХХХ0622153971 от 04.03.2026;Нет данных;;Услуги;
199;Комплекс мероприятий, направленных на гражданско-патриотическое воспитание детей и молодежи;Разовый;5;1;Изготовление сувенирной продукции;Изготовление открыток;"АО ""МАРКА""";1;;100000;100000;True;100000;100000;100000;100000;7703422320;ДОГОВОР 2702-ПП;27.02.2026;76;"(711К0232001;0300022) СОГЛАШЕНИЕ 091-10-2026-008 ОТ 28.01.2026 ДОГОВОР 2702-ПП ОТ 27.02.2026, НАКЛАДНАЯ 2571 ОТ 27.02.2026 ПРОЧИЕ МАТЕРИАЛЬНЫЕ ЗАПАСЫ (ОТКРЫТКИ МАРКИРОВАННЫЕ) НДС0.00";2026-03-06;Закупка внесена в подтверждённые желания и убрана из этого столбца;100000;100000;Договор разовый или накопительный поэтому 0;;100000;Товары;2. Организация мероприятий;4. Организация участия в выставках, форумах, конференциях, туристических слетах, чрезвычайных ситуациях и гуманитарных миссиях;;;;Неконкурентная закупка;Россия;;;;;;Нет;Нет;Да;Да;Да;Да;Да;уже заказали;100000;100000;ЭТО НЕ ЕЖЕМЕСЯЧНЫЙ ПЛАТЁЖ;Уже заказано;ЭТО РЕАЛЬНЫЕ РАСХОДЫ;100000;0;Товары;;76 от 06.03.2026;;12;;;;;;;300022;ДОГОВОР 2702-ПП от 27.02.2026;НАКЛАДНАЯ 2571 ОТ 27.02.2026;;Услуги;
200;Всероссийский слёт студентов-спасателей и добровольцев в ЧС;Разовый;106;1;Услуги фото-видео съёмки;Услуги фото-видео съёмки;ШМЕЛЕВ ДМИТРИЙ ВЛАДИМИРОВИЧ;1;;100000;100000;True;100000;100000;100000;100000;773178550348;Нет данных;Нет данных;Платёж не проходил;Не обнаружено;Платёж не проходил;Закупка внесена в подтверждённые желания и убрана из этого столбца;100000;100000;Договор разовый или накопительный поэтому 0;;100000;Услуги;2. Организация мероприятий;1. Организация и проведение Слета студентов-спасателей и добровольцев в ЧС;Услуги фото видео съемки;Услуги фото/видеосьемки;Федеральное Мероприятие;Неконкурентная закупка;Россия;3;;;;;Нет;Нет;Да;Да;Да;Да;Нет;уже заказали;100000;100000;ЭТО НЕ ЕЖЕМЕСЯЧНЫЙ ПЛАТЁЖ;Уже заказано;ЭТО РЕАЛЬНЫЕ РАСХОДЫ;ещё не платили;Услуги;0;;Платёж не проходил от Платёж не проходил;;12;;;;;;;Платёж не проходил;Нет данных от Нет данных;Нет данных;;Заполни;
201;Всероссийский слёт студентов-спасателей и добровольцев в ЧС;Разовый;13;9;ПРИОБРЕТЕНИЕ ХОЗЯЙСТВЕННЫХ ТОВАРОВ;ПРИОБРЕТЕНИЕ ХОЗЯЙСТВЕННЫХ ТОВАРОВ;"ООО ""ОФИСМАГ""";1;;63688.81;63688.81;True;63688.81;63688.81;0;170384.52;5009062762;ДОГОВОР 208507/КОР;Нет данных;Платёж не проходил;Не обнаружено;Платёж не проходил;Закупка внесена в подтверждённые желания и убрана из этого столбца;63688.81;63688.81;Договор разовый или накопительный поэтому 0;;63688.81;Товары;2. Организация мероприятий;1. Организация и проведение Слета студентов-спасателей и добровольцев в ЧС;Услуга по подготовке и техническому обеспечению площадки проведения мероприятия;Закупка канцелярских принадлежностей;Федеральное Мероприятие;Неконкурентная закупка;Россия;3;;;;;Нет;Нет;Да;Да;Да;Да;Нет;уже заказали;63688.81;63688.81;ЭТО НЕ ЕЖЕМЕСЯЧНЫЙ ПЛАТЁЖ;Уже заказано;ЭТО РЕАЛЬНЫЕ РАСХОДЫ;ещё не платили;0;Товары;;Платёж не проходил от Платёж не проходил;;10;;;;;;;Платёж не проходил;ДОГОВОР 208507/КОР от Нет данных;Нет данных;;Заполни;
202;Всероссийский слёт студентов-спасателей и добровольцев в ЧС;Разовый;13;10;ПРИОБРЕТЕНИЕ ХОЗЯЙСТВЕННЫХ ТОВАРОВ;ПРИОБРЕТЕНИЕ ХОЗЯЙСТВЕННЫХ ТОВАРОВ;"ООО ""ОФИСМАГ""";1;;21290.32;21290.32;True;21290.32;21290.32;0;170384.52;5009062762;ДОГОВОР 208507/КОР;Нет данных;Платёж не проходил;Не обнаружено;Платёж не проходил;Закупка внесена в подтверждённые желания и убрана из этого столбца;21290.32;21290.32;Договор разовый или накопительный поэтому 0;;21290.32;Товары;2. Организация мероприятий;1. Организация и проведение Слета студентов-спасателей и добровольцев в ЧС;Услуга по подготовке и техническому обеспечению площадки проведения мероприятия;Закупка канцелярских принадлежностей;Федеральное Мероприятие;Неконкурентная закупка;Россия;3;;;;;Нет;Нет;Да;Да;Да;Да;Нет;уже заказали;21290.32;21290.32;ЭТО НЕ ЕЖЕМЕСЯЧНЫЙ ПЛАТЁЖ;Уже заказано;ЭТО РЕАЛЬНЫЕ РАСХОДЫ;ещё не платили;0;Товары;;Платёж не проходил от Платёж не проходил;;10;;;;;;;Платёж не проходил;ДОГОВОР 208507/КОР от Нет данных;Нет данных;;Заполни;
203;Всероссийский слёт студентов-спасателей и добровольцев в ЧС;Разовый;13;11;ПРИОБРЕТЕНИЕ ХОЗЯЙСТВЕННЫХ ТОВАРОВ;ПРИОБРЕТЕНИЕ ХОЗЯЙСТВЕННЫХ ТОВАРОВ;"ООО ""ОФИСМАГ""";1;;45842.16;45842.16;True;45842.16;45842.16;0;170384.52;5009062762;ДОГОВОР 208507/КОР;Нет данных;Платёж не проходил;Не обнаружено;Платёж не проходил;Закупка внесена в подтверждённые желания и убрана из этого столбца;45842.16;45842.16;Договор разовый или накопительный поэтому 0;;45842.16;Товары;2. Организация мероприятий;1. Организация и проведение Слета студентов-спасателей и добровольцев в ЧС;Услуга по подготовке и техническому обеспечению площадки проведения мероприятия;Закупка канцелярских принадлежностей;Федеральное Мероприятие;Неконкурентная закупка;Россия;3;;;;;Нет;Нет;Да;Да;Да;Да;Нет;уже заказали;45842.16;45842.16;ЭТО НЕ ЕЖЕМЕСЯЧНЫЙ ПЛАТЁЖ;Уже заказано;ЭТО РЕАЛЬНЫЕ РАСХОДЫ;ещё не платили;0;Товары;;Платёж не проходил от Платёж не проходил;;10;;;;;;;Платёж не проходил;ДОГОВОР 208507/КОР от Нет данных;Нет данных;;Заполни;
204;Всероссийский слёт студентов-спасателей и добровольцев в ЧС;Разовый;107;1;Авансовые отчёты;Приобретение материалов для организации слёта;ЦЫГАНОВ ИГОРЬ АЛЕКСАНДРОВИЧ;1;;63000;63000;True;;0;0;0;772905105906;Нет данных;Нет данных;Платёж не проходил;Не обнаружено;Платёж не проходил;Закупка внесена в подтверждённые желания и убрана из этого столбца;63000;0;Договор разовый или накопительный поэтому 0;;63000;Услуги;2. Организация мероприятий;1. Организация и проведение Слета студентов-спасателей и добровольцев в ЧС;Услуга по подготовке и техническому обеспечению площадки проведения мероприятия;Услуги фото/видеосьемки;Федеральное Мероприятие;Неконкурентная закупка;Россия;3;;;;;Нет;Нет;Да;Да;Да;Да;Нет;уже заказали;63000;63000;ЭТО НЕ ЕЖЕМЕСЯЧНЫЙ ПЛАТЁЖ;Уже заказано;ЭТО РЕАЛЬНЫЕ РАСХОДЫ;ещё не платили;Услуги;0;;Платёж не проходил от Платёж не проходил;;10;;;;;;;Платёж не проходил;Нет данных от Нет данных;Нет данных;;Заполни;
205;Всероссийский слёт студентов-спасателей и добровольцев в ЧС;Разовый;108;1;Авансовые отчёты;Приобретение материалов для организации слёта;ДРЕЛИХ ИВАН ВИКТОРОВИЧ;1;;12559;12559;True;12559;12559;12559;12559;424626091887;Нет данных;Нет данных;Платёж не проходил;Не обнаружено;Платёж не проходил;Закупка внесена в подтверждённые желания и убрана из этого столбца;12559;12559;Договор разовый или накопительный поэтому 0;;12559;Услуги;2. Организация мероприятий;1. Организация и проведение Слета студентов-спасателей и добровольцев в ЧС;Услуга по подготовке и техническому обеспечению площадки проведения мероприятия;Услуги фото/видеосьемки;Федеральное Мероприятие;Неконкурентная закупка;Россия;3;;;;;Нет;Нет;Да;Да;Да;Да;Нет;уже заказали;12559;12559;ЭТО НЕ ЕЖЕМЕСЯЧНЫЙ ПЛАТЁЖ;Уже заказано;ЭТО РЕАЛЬНЫЕ РАСХОДЫ;ещё не платили;Услуги;0;;Платёж не проходил от Платёж не проходил;;10;;;;;;;Платёж не проходил;Нет данных от Нет данных;Нет данных;;Заполни;
206;Техническое оснащение деятельности штаба;Рамочный с суммой;109;1;Поставка оргтехинки;Поставка оргтехинки;Запланировано на основании заявок;1;;220000;220000;True;;0;0;0;Не найден;Нет данных;Нет данных;Платёж не проходил;Не обнаружено;Платёж не проходил;Закупка внесена в подтверждённые желания и убрана из этого столбца;220000;;Не обнаружено;;220000;Услуги;1. Техническое оснащение деятельности штаба;1. Техническое оснащение деятельности штаба;Приобретение оборудования;Услуги связи;;Неконкурентная закупка;Россия;1;;;;;Нет;Нет;Нет;Нет;Скорее всего поставка потребуется;Нет;Нет;220000;ещё не заказали;ещё не поставили;ЭТО НЕ ЕЖЕМЕСЯЧНЫЙ ПЛАТЁЖ;220000;ЭТО РЕАЛЬНЫЕ РАСХОДЫ;ещё не платили;Услуги;0;;Платёж не проходил от Платёж не проходил;Нет данных;10;;;;;;;Платёж не проходил;Нет данных от Нет данных;Нет данных;;Заполни;
207;Техническое оснащение деятельности штаба;Рамочный с суммой;110;1;Приобретение программного обеспечения;Приобретение программного обеспечения;Запланировано на основании заявок;1;;330000;330000;True;;0;0;0;Не найден;Нет данных;Нет данных;Платёж не проходил;Не обнаружено;Платёж не проходил;Закупка внесена в подтверждённые желания и убрана из этого столбца;330000;;Не обнаружено;;330000;Услуги;1. Техническое оснащение деятельности штаба;1. Техническое оснащение деятельности штаба;Организационные расходы на содержание штаба (услуги нотариуса, уборка помещений, кадровое сопровождение, бухгалтерского сопровождение, комплектующие для оргтехники, приобретение неисключительных прав на ПО);Услуги связи;;Неконкурентная закупка;Россия;1;;;;;Нет;Нет;Нет;Нет;Скорее всего поставка потребуется;Нет;Нет;330000;ещё не заказали;ещё не поставили;ЭТО НЕ ЕЖЕМЕСЯЧНЫЙ ПЛАТЁЖ;330000;ЭТО РЕАЛЬНЫЕ РАСХОДЫ;ещё не платили;Услуги;0;;Платёж не проходил от Платёж не проходил;Нет данных;10;;;;;;;Платёж не проходил;Нет данных от Нет данных;Нет данных;;Заполни;
208;Техническое оснащение деятельности штаба;Рамочный с суммой;111;1;Прочее оборудования для автомобиля;Прочее оборудования для автомобиля;Запланировано на основании заявок;1;;235000;235000;True;;0;0;0;Не найден;Нет данных;Нет данных;Платёж не проходил;Не обнаружено;Платёж не проходил;Закупка внесена в подтверждённые желания и убрана из этого столбца;235000;;Не обнаружено;;235000;Услуги;1. Техническое оснащение деятельности штаба;1. Техническое оснащение деятельности штаба;Ремонт техники;Услуги связи;;Неконкурентная закупка;Россия;1;;;;;Нет;Нет;Нет;Нет;Скорее всего поставка потребуется;Нет;Нет;235000;ещё не заказали;ещё не поставили;ЭТО НЕ ЕЖЕМЕСЯЧНЫЙ ПЛАТЁЖ;235000;ЭТО РЕАЛЬНЫЕ РАСХОДЫ;ещё не платили;Услуги;0;;Платёж не проходил от Платёж не проходил;Нет данных;10;;;;;;;Платёж не проходил;Нет данных от Нет данных;Нет данных;;Заполни;
209;Техническое оснащение деятельности штаба;Рамочный с суммой;112;1;Страхование автотранспорта;Страхование автотранспорта;Запланировано на основании заявок;1;;80000;80000;True;;0;0;0;Не найден;Нет данных;Нет данных;Платёж не проходил;Не обнаружено;Платёж не проходил;Закупка внесена в подтверждённые желания и убрана из этого столбца;80000;;Не обнаружено;;80000;Услуги;1. Техническое оснащение деятельности штаба;1. Техническое оснащение деятельности штаба;Приобретение ОСАГО для автомобилей;Услуги связи;;Неконкурентная закупка;Россия;1;;;;;Нет;Нет;Нет;Нет;Скорее всего поставка потребуется;Нет;Нет;80000;ещё не заказали;ещё не поставили;ЭТО НЕ ЕЖЕМЕСЯЧНЫЙ ПЛАТЁЖ;80000;ЭТО РЕАЛЬНЫЕ РАСХОДЫ;ещё не платили;Услуги;0;;Платёж не проходил от Платёж не проходил;Нет данных;10;;;;;;;Платёж не проходил;Нет данных от Нет данных;Нет данных;;Заполни;
210;Техническое оснащение деятельности штаба;Рамочный с суммой;113;4;Страхование автотранспорта;Страхование автотранспорта;Запланировано на основании заявок;1;;70000;70000;True;;0;0;0;Не найден;Нет данных;Нет данных;Платёж не проходил;Не обнаружено;Платёж не проходил;Закупка внесена в подтверждённые желания и убрана из этого столбца;70000;;Не обнаружено;;70000;Услуги;1. Техническое оснащение деятельности штаба;1. Техническое оснащение деятельности штаба;Приобретение ОСАГО для автомобилей;Услуги связи;;Неконкурентная закупка;Россия;1;;;;;Нет;Нет;Нет;Нет;Скорее всего поставка потребуется;Нет;Нет;70000;ещё не заказали;ещё не поставили;ЭТО НЕ ЕЖЕМЕСЯЧНЫЙ ПЛАТЁЖ;70000;ЭТО РЕАЛЬНЫЕ РАСХОДЫ;ещё не платили;Услуги;0;;Платёж не проходил от Платёж не проходил;Нет данных;11;;;;;;;Платёж не проходил;Нет данных от Нет данных;Нет данных;;Заполни;
211;Техническое оснащение деятельности штаба;Рамочный с суммой;114;4;Страхование автотранспорта;Страхование автотранспорта;Запланировано на основании заявок;1;;76000;76000;True;;0;0;0;Не найден;Нет данных;Нет данных;Платёж не проходил;Не обнаружено;Платёж не проходил;Закупка внесена в подтверждённые желания и убрана из этого столбца;76000;;Не обнаружено;;76000;Услуги;1. Техническое оснащение деятельности штаба;1. Техническое оснащение деятельности штаба;Приобретение ОСАГО для автомобилей;Услуги связи;;Неконкурентная закупка;Россия;1;;;;;Нет;Нет;Нет;Нет;Скорее всего поставка потребуется;Нет;Нет;76000;ещё не заказали;ещё не поставили;ЭТО НЕ ЕЖЕМЕСЯЧНЫЙ ПЛАТЁЖ;76000;ЭТО РЕАЛЬНЫЕ РАСХОДЫ;ещё не платили;Услуги;0;;Платёж не проходил от Платёж не проходил;Нет данных;12;;;;;;;Платёж не проходил;Нет данных от Нет данных;Нет данных;;Заполни;
212;Техническое оснащение деятельности штаба;Рамочный с суммой;114;4;Страхование автотранспорта;Страхование автотранспорта;Запланировано на основании заявок;1;;76000;76000;True;;0;0;0;Не найден;Нет данных;Нет данных;Платёж не проходил;Не обнаружено;Платёж не проходил;Закупка внесена в подтверждённые желания и убрана из этого столбца;76000;;Не обнаружено;;76000;Услуги;1. Техническое оснащение деятельности штаба;;;Услуги связи;;Неконкурентная закупка;Россия;1;;;;;Нет;Нет;Нет;Нет;Скорее всего поставка потребуется;Нет;Нет;76000;ещё не заказали;ещё не поставили;ЭТО НЕ ЕЖЕМЕСЯЧНЫЙ ПЛАТЁЖ;76000;ЭТО РЕАЛЬНЫЕ РАСХОДЫ;ещё не платили;Услуги;0;;Платёж не проходил от Платёж не проходил;Нет данных;12;;;;;;;Платёж не проходил;Нет данных от Нет данных;Нет данных;;Заполни;
213;Техническое оснащение деятельности штаба;Рамочный с суммой;114;4;Приобетение кабеля;Приобетение кабеля;Запланировано на основании заявок;1;;15000;15000;True;;0;0;0;Не найден;Нет данных;Нет данных;Платёж не проходил;Не обнаружено;Платёж не проходил;Закупка внесена в подтверждённые желания и убрана из этого столбца;15000;;Не обнаружено;;15000;Услуги;1. Техническое оснащение деятельности штаба;;;Услуги связи;;Неконкурентная закупка;Россия;1;;;;;Нет;Нет;Нет;Нет;Скорее всего поставка потребуется;Нет;Нет;15000;ещё не заказали;ещё не поставили;ЭТО НЕ ЕЖЕМЕСЯЧНЫЙ ПЛАТЁЖ;15000;ЭТО РЕАЛЬНЫЕ РАСХОДЫ;ещё не платили;Услуги;0;;Платёж не проходил от Платёж не проходил;Нет данных;10;;;;;;;Платёж не проходил;Нет данных от Нет данных;Нет данных;;Заполни;
214;Комплекс мероприятий, направленных на подготовку добровольцев в сфере предупреждения и ликвидации чрезвычайных ситуаций и практическое применение полученных ими навыков;Разовый;115;1;Изготовление шевронов для форменной одежды (спина);Изготовление шевронов для форменной одежды (спина);"ООО ""ГЛАВ ГРУПП""";1;;150000;150000;True;150000;150000;150000;150000;5009125194;Нет данных;Нет данных;Платёж не проходил;Не обнаружено;Платёж не проходил;Закупка внесена в подтверждённые желания и убрана из этого столбца;150000;150000;Договор разовый или накопительный поэтому 0;;150000;Услуги;2. Организация мероприятий;;;Прочие материальные затраты;Москва;;Россия;2;;;;;Нет;Нет;Да;Да;Да;Да;Нет;уже заказали;150000;150000;ЭТО НЕ ЕЖЕМЕСЯЧНЫЙ ПЛАТЁЖ;Уже заказано;ЭТО РЕАЛЬНЫЕ РАСХОДЫ;ещё не платили;Услуги;0;;Платёж не проходил от Платёж не проходил;2026-07-01;10;;;;;;;Платёж не проходил;Нет данных от Нет данных;Нет данных;;Заполни;
215;;;117;1;Изготовление граммот;Изготовление граммот;"ООО ""ФЕНИКС""";1;;25400;25400;True;25400;25400;0;;;;;;;;;25400;;;;;Услуги;;;;;;;;;;;;;Нет;Нет;Да;Да;Да;Да;Нет;уже заказали;25400;25400;ЭТО НЕ ЕЖЕМЕСЯЧНЫЙ ПЛАТЁЖ;Уже заказано;ЭТО РЕАЛЬНЫЕ РАСХОДЫ;ещё не платили;Услуги;0;;;;10;;;;;;;;;;;;
216;Комплекс мероприятий, направленных на гражданско-патриотическое воспитание детей и молодежи;Разовый;118;1;Нет данных;Нет данных;ЛЯГИН АНДРЕЙ АНАТОЛЬЕВИЧ;1;;5034;5034;True;5034;5034;5034;0;772155939908;Нет данных;Нет данных;Платёж не проходил;Не обнаружено;Платёж не проходил;Закупка внесена в подтверждённые желания и убрана из этого столбца;5034;5034;Договор разовый или накопительный поэтому 0;;5034;Услуги;2. Организация мероприятий;;;;;;Россия;;;;;;Нет;Нет;Да;Да;Да;Нет;Нет;уже заказали;5034;ещё не поставили;ЭТО НЕ ЕЖЕМЕСЯЧНЫЙ ПЛАТЁЖ;Уже заказано;ЭТО РЕАЛЬНЫЕ РАСХОДЫ;ещё не платили;Услуги;0;;Платёж не проходил от Платёж не проходил;Не обнаружено;#VALUE!;;;;;;;Платёж не проходил;Нет данных от Нет данных;Нет данных;;Заполни;
217;Всероссийский слёт студентов-спасателей и добровольцев в ЧС;Разовый;119;1;Авансовые отчёты;Приобретение огнетушителей;"ООО ""ТЦПБ""";1;;64590;64590;True;64590;64590;64590;64590;7723106795;Нет данных;Нет данных;Платёж не проходил;Не обнаружено;Платёж не проходил;Закупка внесена в подтверждённые желания и убрана из этого столбца;64590;64590;Договор разовый или накопительный поэтому 0;;64590;Услуги;2. Организация мероприятий;1. Организация и проведение Слета студентов-спасателей и добровольцев в ЧС;Услуга по подготовке и техническому обеспечению площадки проведения мероприятия;Услуги фото/видеосьемки;Федеральное Мероприятие;Неконкурентная закупка;Россия;3;;;;;Нет;Нет;Да;Да;Да;Да;Нет;уже заказали;64590;64590;ЭТО НЕ ЕЖЕМЕСЯЧНЫЙ ПЛАТЁЖ;Уже заказано;ЭТО РЕАЛЬНЫЕ РАСХОДЫ;ещё не платили;Услуги;0;;Платёж не проходил от Платёж не проходил;;10;;;;;;;Платёж не проходил;Нет данных от Нет данных;Нет данных;;Заполни;
